Width,Height,Label
0.486,0.19114219114219114,car
0.452,0.11188811188811189,fish
0.318,0.3356643356643357,house
0.296,0.5827505827505828,tree
0.394,0.27505827505827507,bicycle
0.426,0.4568764568764569,guitar
0.162,0.5734265734265734,pencil
0.444,0.46153846153846156,clock
0.49,0.21445221445221446,car
0.382,0.1258741258741259,fish
0.36,0.3613053613053613,house
0.438,0.627039627039627,tree
0.462,0.2867132867132867,bicycle
0.452,0.49184149184149184,guitar
0.324,0.4662004662004662,pencil
0.378,0.4219114219114219,clock
0.478,0.26107226107226106,car
0.288,0.13053613053613053,fish
0.426,0.3822843822843823,house
0.61,0.682983682983683,tree
0.288,0.2727272727272727,bicycle
0.154,0.4358974358974359,guitar
0.036,0.5058275058275058,pencil
0.222,0.2494172494172494,clock
0.466,0.2867132867132867,car
0.444,0.17016317016317017,fish
0.484,0.5524475524475524,house
0.47,0.5268065268065268,tree
0.438,0.35664335664335667,bicycle
0.58,0.2400932400932401,guitar
0.044,0.26107226107226106,pencil
0.674,0.752913752913753,clock
0.458,0.35664335664335667,car
0.34,0.19347319347319347,fish
0.486,0.5757575757575758,house
0.586,0.6503496503496503,tree
0.328,0.22843822843822845,bicycle
0.204,0.6643356643356644,guitar
0.056,0.6876456876456877,pencil
0.658,0.682983682983683,clock
0.34,0.13053613053613053,car
0.412,0.15151515151515152,fish
0.634,0.5757575757575758,house
0.584,0.7599067599067599,tree
0.398,0.289044289044289,bicycle
0.266,0.8344988344988346,guitar
0.564,0.009324009324009324,pencil
0.512,0.5710955710955711,clock
0.588,0.29836829836829837,car
0.608,0.37995337995337997,fish
0.582,0.7132867132867133,house
0.56,0.8834498834498834,tree
0.498,0.47086247086247085,bicycle
0.608,0.5967365967365967,guitar
0.502,0.6713286713286714,pencil
0.428,0.4965034965034965,clock
0.62,0.3006993006993007,car
0.33,0.21678321678321677,fish
0.256,0.5477855477855478,house
0.318,0.5058275058275058,tree
0.302,0.2517482517482518,bicycle
0.276,0.6223776223776224,guitar
0.236,0.5990675990675991,pencil
0.38,0.4289044289044289,clock
0.646,0.4289044289044289,car
0.286,0.5384615384615384,fish
0.344,0.5501165501165501,house
0.456,0.6107226107226107,tree
0.416,0.16783216783216784,bicycle
0.296,0.5990675990675991,guitar
0.128,0.5547785547785548,pencil
0.254,0.34965034965034963,clock
0.5,0.17249417249417248,car
0.156,0.07226107226107226,fish
0.248,0.27505827505827507,house
0.266,0.331002331002331,tree
0.374,0.2703962703962704,bicycle
0.18,0.14219114219114218,guitar
0.312,0.05128205128205128,pencil
0.202,0.24708624708624707,clock
0.628,0.45454545454545453,car
0.464,0.48484848484848486,fish
0.462,0.5920745920745921,house
0.516,0.7482517482517482,tree
0.622,0.5081585081585082,bicycle
0.534,0.675990675990676,guitar
0.46,0.6107226107226107,pencil
0.334,0.4405594405594406,clock
0.504,0.22843822843822845,car
0.508,0.09557109557109557,fish
0.566,0.6293706293706294,house
0.484,0.7132867132867133,tree
0.372,0.2331002331002331,bicycle
0.706,0.5967365967365967,guitar
0.362,0.40326340326340326,pencil
0.41,0.5920745920745921,clock
0.646,0.29836829836829837,car
0.558,0.3006993006993007,fish
0.63,0.49184149184149184,house
0.484,0.7599067599067599,tree
0.566,0.5547785547785548,bicycle
0.45,0.6503496503496503,guitar
0.72,0.7832167832167832,pencil
0.554,0.7785547785547785,clock
0.63,0.20512820512820512,car
0.456,0.2937062937062937,fish
0.5,0.3543123543123543,house
0.538,0.6643356643356644,tree
0.544,0.37995337995337997,bicycle
0.196,0.7296037296037297,guitar
0.016,0.4825174825174825,pencil
0.266,0.29603729603729606,clock
0.55,0.2097902097902098,car
0.36,0.20512820512820512,fish
0.308,0.40559440559440557,house
0.418,0.5967365967365967,tree
0.454,0.2494172494172494,bicycle
0.594,0.5617715617715617,guitar
0.394,0.331002331002331,pencil
0.414,0.32634032634032634,clock
0.296,0.11888111888111888,car
0.286,0.05827505827505827,fish
0.346,0.40326340326340326,house
0.438,0.5337995337995338,tree
0.426,0.36596736596736595,bicycle
0.136,0.47785547785547783,guitar
0.174,0.21212121212121213,pencil
0.126,0.1958041958041958,clock
0.68,0.3123543123543124,car
0.758,0.8438228438228438,fish
0.76,0.4965034965034965,house
0.664,0.8857808857808858,tree
0.672,0.5501165501165501,bicycle
0.656,0.8787878787878788,guitar
0.654,0.7016317016317016,pencil
0.276,0.6713286713286714,clock
0.482,0.13752913752913754,car
0.468,0.14219114219114218,fish
0.288,0.5594405594405595,house
0.612,0.717948717948718,tree
0.532,0.337995337995338,bicycle
0.432,0.6363636363636364,guitar
0.302,0.3822843822843823,pencil
0.62,0.6923076923076923,clock
0.606,0.32400932400932403,car
0.664,0.25874125874125875,fish
0.38,0.6480186480186481,house
0.594,0.8321678321678322,tree
0.576,0.48951048951048953,bicycle
0.622,0.6876456876456877,guitar
0.42,0.4825174825174825,pencil
0.42,0.4382284382284382,clock
0.694,0.4219114219114219,car
0.394,0.13053613053613053,fish
0.478,0.710955710955711,house
0.642,0.9324009324009324,tree
0.576,0.4568764568764569,bicycle
0.28,0.8065268065268065,guitar
0.158,0.8251748251748252,pencil
0.568,0.7692307692307693,clock
0.628,0.4149184149184149,car
0.546,0.3006993006993007,fish
0.544,0.5198135198135199,house
0.496,0.8065268065268065,tree
0.634,0.4825174825174825,bicycle
0.606,0.6037296037296037,guitar
0.534,0.5547785547785548,pencil
0.35,0.44988344988344986,clock
0.614,0.23776223776223776,car
0.602,0.10023310023310024,fish
0.466,0.7249417249417249,house
0.668,0.8368298368298368,tree
0.49,0.32167832167832167,bicycle
0.428,0.4405594405594406,guitar
0.256,0.4358974358974359,pencil
0.36,0.40559440559440557,clock
0.6,0.289044289044289,car
0.566,0.25874125874125875,fish
0.576,0.6363636363636364,house
0.43,0.5617715617715617,tree
0.514,0.34965034965034963,bicycle
0.23,0.5571095571095571,guitar
0.35,0.4219114219114219,pencil
0.41,0.38694638694638694,clock
0.648,0.289044289044289,car
0.496,0.23076923076923078,fish
0.298,0.5268065268065268,house
0.33,0.4965034965034965,tree
0.302,0.2400932400932401,bicycle
0.294,0.6923076923076923,guitar
0.52,0.3986013986013986,pencil
0.616,0.6433566433566433,clock
0.42,0.16083916083916083,car
0.46,0.09324009324009325,fish
0.25,0.38461538461538464,house
0.32,0.6247086247086248,tree
0.174,0.18414918414918416,bicycle
0.242,0.6853146853146853,guitar
0.392,0.32167832167832167,pencil
0.224,0.2564102564102564,clock
0.626,0.32634032634032634,car
0.41,0.2867132867132867,fish
0.492,0.6247086247086248,house
0.38,0.6410256410256411,tree
0.534,0.36596736596736595,bicycle
0.47,0.7832167832167832,guitar
0.45,0.6013986013986014,pencil
0.572,0.6666666666666666,clock
0.6,0.1585081585081585,car
0.678,0.25874125874125875,fish
0.438,0.4219114219114219,house
0.61,0.710955710955711,tree
0.602,0.2937062937062937,bicycle
0.638,0.21445221445221446,guitar
0.028,0.6060606060606061,pencil
0.602,0.5431235431235432,clock
0.506,0.48717948717948717,car
0.522,0.2680652680652681,fish
0.768,0.8927738927738927,house
0.454,0.7645687645687645,tree
0.386,0.2517482517482518,bicycle
0.46,0.6223776223776224,guitar
0.664,0.710955710955711,pencil
0.626,0.6293706293706294,clock
0.55,0.317016317016317,car
0.584,0.3962703962703963,fish
0.364,0.3986013986013986,house
0.49,0.4825174825174825,tree
0.522,0.3356643356643357,bicycle
0.386,0.6037296037296037,guitar
0.304,0.4731934731934732,pencil
0.406,0.5011655011655012,clock
0.534,0.2400932400932401,car
0.45,0.17715617715617715,fish
0.308,0.4219114219114219,house
0.454,0.7575757575757576,tree
0.61,0.3006993006993007,bicycle
0.38,0.38927738927738925,guitar
0.168,0.1864801864801865,pencil
0.386,0.42424242424242425,clock
0.622,0.3939393939393939,car
0.336,0.18414918414918416,fish
0.526,0.6876456876456877,house
0.416,0.5291375291375291,tree
0.48,0.5081585081585082,bicycle
0.622,0.23076923076923078,guitar
0.026,0.5011655011655012,pencil
0.358,0.44755244755244755,clock
0.482,0.21445221445221446,car
0.39,0.17249417249417248,fish
0.4,0.6410256410256411,house
0.444,0.7086247086247086,tree
0.378,0.28205128205128205,bicycle
0.58,0.2494172494172494,guitar
0.132,0.5291375291375291,pencil
0.306,0.3356643356643357,clock
0.46,0.35664335664335667,car
0.464,0.37995337995337997,fish
0.422,0.372960372960373,house
0.438,0.5034965034965035,tree
0.58,0.42424242424242425,bicycle
0.224,0.7272727272727273,guitar
0.42,0.6643356643356644,pencil
0.496,0.6666666666666666,clock
0.452,0.20512820512820512,car
0.294,0.21445221445221446,fish
0.478,0.5967365967365967,house
0.598,0.7132867132867133,tree
0.402,0.3473193473193473,bicycle
0.326,0.745920745920746,guitar
0.068,0.5664335664335665,pencil
0.4,0.5011655011655012,clock
0.71,0.2540792540792541,car
0.648,0.38927738927738925,fish
0.718,0.5804195804195804,house
0.61,0.8088578088578089,tree
0.546,0.4219114219114219,bicycle
0.718,0.6153846153846154,guitar
0.438,0.47785547785547783,pencil
0.384,0.4172494172494173,clock
0.58,0.34498834498834496,car
0.484,0.289044289044289,fish
0.38,0.46153846153846156,house
0.536,0.62004662004662,tree
0.516,0.27972027972027974,bicycle
0.498,0.5687645687645687,guitar
0.566,0.6806526806526807,pencil
0.372,0.40326340326340326,clock
0.59,0.3939393939393939,car
0.632,0.5384615384615384,fish
0.558,0.5011655011655012,house
0.716,0.7552447552447552,tree
0.492,0.5104895104895105,bicycle
0.558,0.7226107226107226,guitar
0.292,0.5058275058275058,pencil
0.442,0.6386946386946387,clock
0.47,0.2937062937062937,car
0.582,0.2564102564102564,fish
0.546,0.717948717948718,house
0.486,0.6130536130536131,tree
0.532,0.358974358974359,bicycle
0.638,0.6223776223776224,guitar
0.264,0.19813519813519814,pencil
0.422,0.43356643356643354,clock
0.768,0.8158508158508159,car
0.57,0.4289044289044289,fish
0.198,0.4755244755244755,house
0.332,0.5757575757575758,tree
0.348,0.20512820512820512,bicycle
0.16,0.682983682983683,guitar
0.052,0.634032634032634,pencil
0.438,0.5734265734265734,clock
0.64,0.40093240093240096,car
0.646,0.2913752913752914,fish
0.472,0.6410256410256411,house
0.504,0.7132867132867133,tree
0.516,0.5664335664335665,bicycle
0.538,0.5757575757575758,guitar
0.566,0.46153846153846156,pencil
0.384,0.5174825174825175,clock
0.632,0.30303030303030304,car
0.4,0.2494172494172494,fish
0.454,0.6107226107226107,house
0.42,0.7062937062937062,tree
0.548,0.4522144522144522,bicycle
0.694,0.6573426573426573,guitar
0.112,0.7132867132867133,pencil
0.478,0.5501165501165501,clock
0.704,0.4172494172494173,car
0.566,0.30536130536130535,fish
0.314,0.5151515151515151,house
0.524,0.7668997668997669,tree
0.496,0.5337995337995338,bicycle
0.642,0.7575757575757576,guitar
0.348,0.34965034965034963,pencil
0.316,0.3776223776223776,clock
0.682,0.4592074592074592,car
0.502,0.2517482517482518,fish
0.658,0.6643356643356644,house
0.202,0.7575757575757576,tree
0.688,0.46386946386946387,bicycle
0.582,0.2913752913752914,guitar
0.55,0.662004662004662,pencil
0.608,0.6363636363636364,clock
0.524,0.32400932400932403,car
0.406,0.11888111888111888,fish
0.266,0.3543123543123543,house
0.482,0.7972027972027972,tree
0.382,0.2331002331002331,bicycle
0.51,0.11655011655011654,guitar
0.034,0.4382284382284382,pencil
0.38,0.4289044289044289,clock
0.522,0.2261072261072261,car
0.112,0.23543123543123542,fish
0.542,0.49417249417249415,house
0.676,0.7272727272727273,tree
0.522,0.3776223776223776,bicycle
0.166,0.6643356643356644,guitar
0.452,0.5011655011655012,pencil
0.22,0.2540792540792541,clock
0.394,0.29603729603729606,car
0.496,0.2331002331002331,fish
0.468,0.5268065268065268,house
0.688,0.7412587412587412,tree
0.46,0.317016317016317,bicycle
0.626,0.30536130536130535,guitar
0.134,0.6223776223776224,pencil
0.282,0.3682983682983683,clock
0.594,0.331002331002331,car
0.54,0.32167832167832167,fish
0.578,0.40792540792540793,house
0.614,0.7645687645687645,tree
0.466,0.4662004662004662,bicycle
0.358,0.7389277389277389,guitar
0.266,0.6643356643356644,pencil
0.288,0.34965034965034963,clock
0.286,0.2517482517482518,car
0.4,0.1445221445221445,fish
0.228,0.31934731934731936,house
0.25,0.4568764568764569,tree
0.238,0.24242424242424243,bicycle
0.304,0.20512820512820512,guitar
0.398,0.3006993006993007,pencil
0.328,0.28205128205128205,clock
0.574,0.337995337995338,car
0.426,0.4289044289044289,fish
0.502,0.5734265734265734,house
0.566,0.6993006993006993,tree
0.388,0.3613053613053613,bicycle
0.628,0.2867132867132867,guitar
0.47,0.5664335664335665,pencil
0.38,0.4382284382284382,clock
0.614,0.26573426573426573,car
0.422,0.22144522144522144,fish
0.478,0.35664335664335667,house
0.396,0.5151515151515151,tree
0.442,0.37995337995337997,bicycle
0.458,0.2331002331002331,guitar
0.324,0.3916083916083916,pencil
0.298,0.372960372960373,clock
0.648,0.4592074592074592,car
0.52,0.31934731934731936,fish
0.568,0.5431235431235432,house
0.4,0.5104895104895105,tree
0.598,0.337995337995338,bicycle
0.45,0.6013986013986014,guitar
0.618,0.5664335664335665,pencil
0.394,0.34965034965034963,clock
0.434,0.29836829836829837,car
0.436,0.3076923076923077,fish
0.544,0.5058275058275058,house
0.33,0.34265734265734266,tree
0.424,0.3613053613053613,bicycle
0.312,0.3776223776223776,guitar
0.1,0.32400932400932403,pencil
0.236,0.24708624708624707,clock
0.72,0.3682983682983683,car
0.512,0.23776223776223776,fish
0.592,0.4405594405594406,house
0.61,0.8438228438228438,tree
0.36,0.3146853146853147,bicycle
0.268,0.6177156177156177,guitar
0.084,0.5221445221445221,pencil
0.372,0.289044289044289,clock
0.7,0.34498834498834496,car
0.644,0.1561771561771562,fish
0.654,0.5990675990675991,house
0.518,0.6923076923076923,tree
0.542,0.3682983682983683,bicycle
0.278,0.6433566433566433,guitar
0.416,0.5617715617715617,pencil
0.362,0.3333333333333333,clock
0.33,0.11188811188811189,car
0.602,0.5664335664335665,fish
0.714,0.717948717948718,house
0.63,0.7668997668997669,tree
0.538,0.578088578088578,bicycle
0.57,0.7552447552447552,guitar
0.744,0.8391608391608392,pencil
0.628,0.8065268065268065,clock
0.55,0.28205128205128205,car
0.358,0.32400932400932403,fish
0.568,0.28205128205128205,house
0.574,0.627039627039627,tree
0.628,0.38694638694638694,bicycle
0.512,0.3146853146853147,guitar
0.256,0.44988344988344986,pencil
0.212,0.27972027972027974,clock
0.562,0.2773892773892774,car
0.584,0.24475524475524477,fish
0.598,0.5128205128205128,house
0.556,0.6480186480186481,tree
0.474,0.29603729603729606,bicycle
0.196,0.6293706293706294,guitar
0.206,0.5361305361305362,pencil
0.402,0.5198135198135199,clock
0.55,0.20745920745920746,car
0.454,0.07692307692307693,fish
0.546,0.46386946386946387,house
0.432,0.5174825174825175,tree
0.394,0.25874125874125875,bicycle
0.538,0.8461538461538461,guitar
0.722,0.7435897435897436,pencil
0.468,0.4801864801864802,clock
0.582,0.29836829836829837,car
0.54,0.3473193473193473,fish
0.23,0.5501165501165501,house
0.3,0.585081585081585,tree
0.45,0.32867132867132864,bicycle
0.592,0.2261072261072261,guitar
0.036,0.37995337995337997,pencil
0.422,0.44988344988344986,clock
0.686,0.2494172494172494,car
0.252,0.05827505827505827,fish
0.408,0.32400932400932403,house
0.368,0.47785547785547783,tree
0.444,0.30536130536130535,bicycle
0.326,0.4755244755244755,guitar
0.258,0.27972027972027974,pencil
0.306,0.3682983682983683,clock
0.676,0.3613053613053613,car
0.724,0.5990675990675991,fish
0.766,0.7296037296037297,house
0.428,0.7785547785547785,tree
0.684,0.4568764568764569,bicycle
0.638,0.7948717948717948,guitar
0.698,0.6456876456876457,pencil
0.572,0.7692307692307693,clock
0.58,0.2564102564102564,car
0.412,0.1561771561771562,fish
0.29,0.46153846153846156,house
0.348,0.5710955710955711,tree
0.322,0.30303030303030304,bicycle
0.482,0.14918414918414918,guitar
0.294,0.49184149184149184,pencil
0.272,0.32634032634032634,clock
0.414,0.22144522144522144,car
0.468,0.34965034965034963,fish
0.462,0.46853146853146854,house
0.584,0.5664335664335665,tree
0.438,0.34032634032634035,bicycle
0.59,0.5734265734265734,guitar
0.404,0.43356643356643354,pencil
0.35,0.3752913752913753,clock
0.5,0.11888111888111888,car
0.414,0.20745920745920746,fish
0.338,0.4965034965034965,house
0.77,0.8205128205128205,tree
0.468,0.32634032634032634,bicycle
0.678,0.703962703962704,guitar
0.264,0.5291375291375291,pencil
0.322,0.3333333333333333,clock
0.63,0.47086247086247085,car
0.396,0.14219114219114218,fish
0.416,0.4428904428904429,house
0.49,0.4755244755244755,tree
0.664,0.4755244755244755,bicycle
0.636,0.48484848484848486,guitar
0.33,0.27505827505827507,pencil
0.354,0.4289044289044289,clock
0.654,0.3822843822843823,car
0.5,0.34498834498834496,fish
0.718,0.7808857808857809,house
0.706,0.8624708624708625,tree
0.748,0.7016317016317016,bicycle
0.584,0.710955710955711,guitar
0.484,0.7202797202797203,pencil
0.506,0.5641025641025641,clock
0.566,0.26107226107226106,car
0.398,0.17715617715617715,fish
0.302,0.578088578088578,house
0.538,0.6083916083916084,tree
0.558,0.4149184149184149,bicycle
0.234,0.6573426573426573,guitar
0.096,0.5431235431235432,pencil
0.578,0.6573426573426573,clock
0.622,0.3146853146853147,car
0.44,0.22144522144522144,fish
0.432,0.45454545454545453,house
0.638,0.7482517482517482,tree
0.66,0.38927738927738925,bicycle
0.706,0.351981351981352,guitar
0.564,0.337995337995338,pencil
0.41,0.47086247086247085,clock
0.538,0.21678321678321677,car
0.398,0.10023310023310024,fish
0.478,0.6783216783216783,house
0.412,0.7505827505827506,tree
0.384,0.28438228438228436,bicycle
0.698,0.7296037296037297,guitar
0.422,0.5454545454545454,pencil
0.464,0.6060606060606061,clock
0.586,0.25874125874125875,car
0.52,0.2097902097902098,fish
0.474,0.6456876456876457,house
0.382,0.7575757575757576,tree
0.406,0.3123543123543124,bicycle
0.286,0.5734265734265734,guitar
0.054,0.2540792540792541,pencil
0.234,0.32634032634032634,clock
0.418,0.4219114219114219,car
0.538,0.6946386946386947,fish
0.668,0.675990675990676,house
0.772,0.8927738927738927,tree
0.69,0.5524475524475524,bicycle
0.7,0.8671328671328671,guitar
0.204,0.7995337995337995,pencil
0.312,0.44988344988344986,clock
0.732,0.358974358974359,car
0.576,0.18181818181818182,fish
0.62,0.8391608391608392,house
0.594,0.8205128205128205,tree
0.568,0.34265734265734266,bicycle
0.5,0.6806526806526807,guitar
0.258,0.2634032634032634,pencil
0.448,0.4289044289044289,clock
0.55,0.32867132867132864,car
0.466,0.4382284382284382,fish
0.448,0.47086247086247085,house
0.378,0.578088578088578,tree
0.428,0.4522144522144522,bicycle
0.49,0.5268065268065268,guitar
0.238,0.5268065268065268,pencil
0.292,0.31934731934731936,clock
0.612,0.29603729603729606,car
0.484,0.3333333333333333,fish
0.592,0.48484848484848486,house
0.75,0.7878787878787878,tree
0.496,0.351981351981352,bicycle
0.344,0.7132867132867133,guitar
0.162,0.38461538461538464,pencil
0.458,0.5361305361305362,clock
0.486,0.2191142191142191,car
0.51,0.32400932400932403,fish
0.482,0.6083916083916084,house
0.646,0.7995337995337995,tree
0.574,0.5011655011655012,bicycle
0.264,0.8251748251748252,guitar
0.63,0.08624708624708624,pencil
0.342,0.36596736596736595,clock
0.452,0.2564102564102564,car
0.444,0.25874125874125875,fish
0.34,0.37995337995337997,house
0.346,0.5664335664335665,tree
0.486,0.34032634032634035,bicycle
0.57,0.4592074592074592,guitar
0.232,0.1864801864801865,pencil
0.218,0.19813519813519814,clock
0.368,0.1258741258741259,car
0.206,0.023310023310023312,fish
0.334,0.2773892773892774,house
0.442,0.5058275058275058,tree
0.472,0.21212121212121213,bicycle
0.514,0.25874125874125875,guitar
0.406,0.08624708624708624,pencil
0.222,0.24475524475524477,clock
0.446,0.24475524475524477,car
0.442,0.11655011655011654,fish
0.342,0.3006993006993007,house
0.628,0.696969696969697,tree
0.358,0.28205128205128205,bicycle
0.21,0.44988344988344986,guitar
0.35,0.06293706293706294,pencil
0.452,0.5501165501165501,clock
0.462,0.34032634032634035,car
0.358,0.2540792540792541,fish
0.526,0.5571095571095571,house
0.47,0.7249417249417249,tree
0.576,0.3706293706293706,bicycle
0.356,0.7226107226107226,guitar
0.446,0.5128205128205128,pencil
0.39,0.46153846153846156,clock
0.386,0.17482517482517482,car
0.376,0.10955710955710955,fish
0.416,0.675990675990676,house
0.312,0.49417249417249415,tree
0.466,0.4195804195804196,bicycle
0.472,0.2331002331002331,guitar
0.398,0.5104895104895105,pencil
0.384,0.32867132867132864,clock
0.58,0.3986013986013986,car
0.556,0.3473193473193473,fish
0.378,0.627039627039627,house
0.628,0.7552447552447552,tree
0.414,0.4428904428904429,bicycle
0.502,0.2867132867132867,guitar
0.468,0.6456876456876457,pencil
0.388,0.14219114219114218,clock
0.54,0.4592074592074592,car
0.342,0.18181818181818182,fish
0.4,0.44988344988344986,house
0.366,0.5827505827505828,tree
0.558,0.37995337995337997,bicycle
0.252,0.5944055944055944,guitar
0.47,0.27505827505827507,pencil
0.3,0.32634032634032634,clock
0.506,0.5314685314685315,car
0.36,0.5081585081585082,fish
0.328,0.585081585081585,house
0.494,0.6573426573426573,tree
0.304,0.62004662004662,bicycle
0.39,0.5664335664335665,guitar
0.262,0.696969696969697,pencil
0.344,0.4358974358974359,clock
0.654,0.331002331002331,car
0.366,0.12354312354312354,fish
0.35,0.47086247086247085,house
0.276,0.6386946386946387,tree
0.562,0.3543123543123543,bicycle
0.314,0.38927738927738925,guitar
0.166,0.4592074592074592,pencil
0.156,0.28438228438228436,clock
0.638,0.4382284382284382,car
0.45,0.1351981351981352,fish
0.406,0.5198135198135199,house
0.516,0.6713286713286714,tree
0.546,0.4801864801864802,bicycle
0.676,0.7062937062937062,guitar
0.274,0.4662004662004662,pencil
0.302,0.38927738927738925,clock
0.426,0.2191142191142191,car
0.366,0.15384615384615385,fish
0.538,0.2540792540792541,house
0.404,0.49184149184149184,tree
0.39,0.22843822843822845,bicycle
0.658,0.351981351981352,guitar
0.068,0.49417249417249415,pencil
0.328,0.317016317016317,clock
0.49,0.1864801864801865,car
0.378,0.12121212121212122,fish
0.504,0.43356643356643354,house
0.24,0.578088578088578,tree
0.282,0.17249417249417248,bicycle
0.552,0.23076923076923078,guitar
0.454,0,pencil
0.468,0.4195804195804196,clock
0.674,0.4382284382284382,car
0.644,0.351981351981352,fish
0.502,0.655011655011655,house
0.602,0.7132867132867133,tree
0.698,0.4801864801864802,bicycle
0.676,0.3123543123543124,guitar
0.542,0.43356643356643354,pencil
0.51,0.5477855477855478,clock
0.566,0.745920745920746,car
0.488,0.24475524475524477,fish
0.38,0.5501165501165501,house
0.432,0.6386946386946387,tree
0.368,0.2727272727272727,bicycle
0.474,0.5174825174825175,guitar
0.054,0.3939393939393939,pencil
0.3,0.41025641025641024,clock
0.482,0.5128205128205128,car
0.486,0.6806526806526807,fish
0.502,0.5081585081585082,house
0.336,0.49184149184149184,tree
0.356,0.27972027972027974,bicycle
0.476,0.47785547785547783,guitar
0.102,0.5244755244755245,pencil
0.278,0.40792540792540793,clock
0.35,0.2261072261072261,car
0.274,0.21678321678321677,fish
0.426,0.36363636363636365,house
0.16,0.634032634032634,tree
0.306,0.40792540792540793,bicycle
0.284,0.5944055944055944,guitar
0.3,0.5967365967365967,pencil
0.254,0.34265734265734266,clock
0.542,0.24708624708624707,car
0.464,0.26107226107226106,fish
0.544,0.5431235431235432,house
0.546,0.6107226107226107,tree
0.542,0.4825174825174825,bicycle
0.584,0.3916083916083916,guitar
0.106,0.5244755244755245,pencil
0.556,0.4522144522144522,clock
0.652,0.2867132867132867,car
0.51,0.5710955710955711,fish
0.44,0.6643356643356644,house
0.538,0.7925407925407926,tree
0.616,0.4522144522144522,bicycle
0.574,0.6177156177156177,guitar
0.48,0.585081585081585,pencil
0.504,0.5361305361305362,clock
0.44,0.13752913752913754,car
0.412,0.17715617715617715,fish
0.422,0.3776223776223776,house
0.678,0.7342657342657343,tree
0.604,0.317016317016317,bicycle
0.678,0.22144522144522144,guitar
0.294,0.7785547785547785,pencil
0.164,0.19813519813519814,clock
0.58,0.2773892773892774,car
0.464,0.40093240093240096,fish
0.484,0.5477855477855478,house
0.534,0.7296037296037297,tree
0.486,0.317016317016317,bicycle
0.576,0.5268065268065268,guitar
0.348,0.6130536130536131,pencil
0.188,0.20279720279720279,clock
0.49,0.2400932400932401,car
0.616,0.4405594405594406,fish
0.392,0.5314685314685315,house
0.66,0.8275058275058275,tree
0.436,0.2634032634032634,bicycle
0.478,0.5804195804195804,guitar
0.36,0.42424242424242425,pencil
0.332,0.7086247086247086,clock
0.54,0.12121212121212122,car
0.376,0.1351981351981352,fish
0.26,0.49184149184149184,house
0.32,0.7738927738927739,tree
0.516,0.3123543123543124,bicycle
0.266,0.6713286713286714,guitar
0.57,0.5804195804195804,pencil
0.51,0.34498834498834496,clock
0.718,0.2727272727272727,car
0.606,0.42424242424242425,fish
0.764,0.7972027972027972,house
0.764,0.6456876456876457,tree
0.696,0.4382284382284382,bicycle
0.66,0.7272727272727273,guitar
0.412,0.6596736596736597,pencil
0.5,0.5687645687645687,clock
0.336,0.19813519813519814,car
0.424,0.26107226107226106,fish
0.552,0.7552447552447552,house
0.518,0.6876456876456877,tree
0.55,0.3682983682983683,bicycle
0.28,0.4592074592074592,guitar
0.294,0.48717948717948717,pencil
0.266,0.36596736596736595,clock
0.52,0.1585081585081585,car
0.502,0.14219114219114218,fish
0.634,0.5990675990675991,house
0.512,0.6433566433566433,tree
0.442,0.1561771561771562,bicycle
0.556,0.08158508158508158,guitar
0.018,0.4405594405594406,pencil
0.36,0.3986013986013986,clock
0.386,0.4289044289044289,car
0.424,0.5501165501165501,fish
0.414,0.5967365967365967,house
0.26,0.5244755244755245,tree
0.254,0.5920745920745921,bicycle
0.52,0.6899766899766899,guitar
0.478,0.5384615384615384,pencil
0.438,0.49417249417249415,clock
0.67,0.4568764568764569,car
0.362,0.28438228438228436,fish
0.414,0.5104895104895105,house
0.596,0.6876456876456877,tree
0.546,0.5291375291375291,bicycle
0.352,0.5547785547785548,guitar
0.174,0.351981351981352,pencil
0.548,0.682983682983683,clock
0.544,0.3473193473193473,car
0.556,0.3076923076923077,fish
0.552,0.43356643356643354,house
0.63,0.7132867132867133,tree
0.54,0.5058275058275058,bicycle
0.772,0.745920745920746,guitar
0.618,0.62004662004662,pencil
0.486,0.5757575757575758,clock
0.434,0.2727272727272727,car
0.432,0.289044289044289,fish
0.48,0.5337995337995338,house
0.648,0.8111888111888111,tree
0.63,0.48484848484848486,bicycle
0.306,0.8368298368298368,guitar
0.032,0.7505827505827506,pencil
0.454,0.6107226107226107,clock
0.566,0.23776223776223776,car
0.606,0.289044289044289,fish
0.608,0.6293706293706294,house
0.58,0.8205128205128205,tree
0.554,0.3356643356643357,bicycle
0.726,0.745920745920746,guitar
0.212,0.6666666666666666,pencil
0.506,0.6573426573426573,clock
0.312,0.17715617715617715,car
0.26,0.17482517482517482,fish
0.282,0.3706293706293706,house
0.366,0.45454545454545453,tree
0.172,0.1258741258741259,bicycle
0.514,0.4825174825174825,guitar
0.166,0.0979020979020979,pencil
0.36,0.3356643356643357,clock
0.368,0.11421911421911422,car
0.458,0.23776223776223776,fish
0.35,0.3962703962703963,house
0.354,0.5384615384615384,tree
0.47,0.351981351981352,bicycle
0.3,0.7925407925407926,guitar
0.07,0.5198135198135199,pencil
0.444,0.4755244755244755,clock
0.258,0.16083916083916083,car
0.27,0.17249417249417248,fish
0.24,0.24475524475524477,house
0.184,0.2564102564102564,tree
0.242,0.2634032634032634,bicycle
0.482,0.13286713286713286,guitar
0.052,0.331002331002331,pencil
0.23,0.22843822843822845,clock
0.63,0.34498834498834496,car
0.442,0.21678321678321677,fish
0.688,0.627039627039627,house
0.562,0.6107226107226107,tree
0.544,0.3543123543123543,bicycle
0.69,0.45454545454545453,guitar
0.308,0.4801864801864802,pencil
0.358,0.6899766899766899,clock
0.49,0.26573426573426573,car
0.398,0.2564102564102564,fish
0.74,0.7762237762237763,house
0.388,0.5967365967365967,tree
0.674,0.62004662004662,bicycle
0.438,0.7086247086247086,guitar
0.068,0.46153846153846156,pencil
0.326,0.46853146853146854,clock
0.662,0.6480186480186481,car
0.354,0.5081585081585082,fish
0.332,0.5384615384615384,house
0.496,0.7365967365967366,tree
0.568,0.5151515151515151,bicycle
0.556,0.7249417249417249,guitar
0.418,0.7226107226107226,pencil
0.51,0.5944055944055944,clock
0.556,0.38461538461538464,car
0.396,0.337995337995338,fish
0.61,0.6923076923076923,house
0.522,0.7365967365967366,tree
0.298,0.13053613053613053,bicycle
0.55,0.41025641025641024,guitar
0.006,0.4219114219114219,pencil
0.248,0.38461538461538464,clock
0.658,0.31934731934731936,car
0.598,0.2261072261072261,fish
0.344,0.7552447552447552,house
0.336,0.668997668997669,tree
0.326,0.1888111888111888,bicycle
0.61,0.2191142191142191,guitar
0.516,0.20046620046620048,pencil
0.344,0.3613053613053613,clock
0.302,0.20512820512820512,car
0.224,0.08624708624708624,fish
0.196,0.34265734265734266,house
0.37,0.44522144522144524,tree
0.46,0.351981351981352,bicycle
0.182,0.5710955710955711,guitar
0.088,0.48484848484848486,pencil
0.554,0.6410256410256411,clock
0.688,0.4219114219114219,car
0.476,0.16317016317016317,fish
0.27,0.5058275058275058,house
0.748,0.6247086247086248,tree
0.606,0.45454545454545453,bicycle
0.682,0.2540792540792541,guitar
0.446,0.3076923076923077,pencil
0.37,0.44522144522144524,clock
0.364,0.1048951048951049,car
0.262,0.08857808857808858,fish
0.328,0.34265734265734266,house
0.46,0.49417249417249415,tree
0.336,0.1794871794871795,bicycle
0.142,0.5314685314685315,guitar
0.158,0.1258741258741259,pencil
0.254,0.2867132867132867,clock
0.566,0.22377622377622378,car
0.504,0.24242424242424243,fish
0.35,0.46853146853146854,house
0.31,0.4149184149184149,tree
0.336,0.1655011655011655,bicycle
0.29,0.12121212121212122,guitar
0.006,0.31002331002331,pencil
0.354,0.3473193473193473,clock
0.678,0.4289044289044289,car
0.522,0.4568764568764569,fish
0.426,0.331002331002331,house
0.554,0.7226107226107226,tree
0.608,0.40326340326340326,bicycle
0.42,0.5874125874125874,guitar
0.448,0.5967365967365967,pencil
0.498,0.6247086247086248,clock
0.712,0.4662004662004662,car
0.548,0.36363636363636365,fish
0.524,0.717948717948718,house
0.552,0.7062937062937062,tree
0.524,0.5174825174825175,bicycle
0.602,0.6177156177156177,guitar
0.424,0.6456876456876457,pencil
0.448,0.5151515151515151,clock
0.638,0.4592074592074592,car
0.548,0.4382284382284382,fish
0.572,0.585081585081585,house
0.436,0.8694638694638694,tree
0.598,0.5710955710955711,bicycle
0.652,0.5944055944055944,guitar
0.53,0.6480186480186481,pencil
0.574,0.6293706293706294,clock
0.574,0.27505827505827507,car
0.496,0.2261072261072261,fish
0.314,0.44522144522144524,house
0.744,0.6736596736596736,tree
0.464,0.2634032634032634,bicycle
0.442,0.5547785547785548,guitar
0.444,0.5710955710955711,pencil
0.426,0.5151515151515151,clock
0.606,0.31934731934731936,car
0.506,0.2634032634032634,fish
0.542,0.4195804195804196,house
0.558,0.7365967365967366,tree
0.488,0.3776223776223776,bicycle
0.444,0.7505827505827506,guitar
0.386,0.5897435897435898,pencil
0.318,0.337995337995338,clock
0.21,0.22843822843822845,car
0.152,0.04895104895104895,fish
0.222,0.32167832167832167,house
0.658,0.5641025641025641,tree
0.254,0.2400932400932401,bicycle
0.16,0.634032634032634,guitar
0.038,0.32167832167832167,pencil
0.294,0.3776223776223776,clock
0.38,0.317016317016317,car
0.334,0.17249417249417248,fish
0.296,0.4965034965034965,house
0.496,0.7412587412587412,tree
0.426,0.36596736596736595,bicycle
0.232,0.7086247086247086,guitar
0.174,0.4125874125874126,pencil
0.454,0.5431235431235432,clock
0.424,0.21445221445221446,car
0.328,0.21678321678321677,fish
0.338,0.317016317016317,house
0.376,0.5244755244755245,tree
0.308,0.24475524475524477,bicycle
0.456,0.6526806526806527,guitar
0.366,0.3986013986013986,pencil
0.302,0.31934731934731936,clock
0.458,0.2540792540792541,car
0.288,0.14219114219114218,fish
0.32,0.5454545454545454,house
0.4,0.46853146853146854,tree
0.3,0.17482517482517482,bicycle
0.148,0.4988344988344988,guitar
0.006,0.19114219114219114,pencil
0.258,0.32867132867132864,clock
0.608,0.351981351981352,car
0.632,0.22377622377622378,fish
0.63,0.48484848484848486,house
0.538,0.7365967365967366,tree
0.754,0.5734265734265734,bicycle
0.72,0.7948717948717948,guitar
0.302,0.4405594405594406,pencil
0.346,0.40326340326340326,clock
0.668,0.38927738927738925,car
0.542,0.4382284382284382,fish
0.686,0.7692307692307693,house
0.58,0.8414918414918415,tree
0.6,0.4382284382284382,bicycle
0.546,0.6666666666666666,guitar
0.428,0.7342657342657343,pencil
0.466,0.5361305361305362,clock
0.552,0.22843822843822845,car
0.646,0.3356643356643357,fish
0.342,0.6223776223776224,house
0.514,0.752913752913753,tree
0.602,0.36596736596736595,bicycle
0.684,0.24708624708624707,guitar
0.348,0.48951048951048953,pencil
0.606,0.6317016317016317,clock
0.604,0.2331002331002331,car
0.222,0.372960372960373,fish
0.208,0.38927738927738925,house
0.296,0.5314685314685315,tree
0.312,0.19114219114219114,bicycle
0.512,0.1864801864801865,guitar
0.03,0.32167832167832167,pencil
0.218,0.22144522144522144,clock
0.69,0.21212121212121213,car
0.576,0.30303030303030304,fish
0.444,0.48951048951048953,house
0.652,0.8205128205128205,tree
0.52,0.29603729603729606,bicycle
0.628,0.7715617715617715,guitar
0.424,0.4755244755244755,pencil
0.326,0.358974358974359,clock
0.654,0.25874125874125875,car
0.496,0.22843822843822845,fish
0.54,0.6247086247086248,house
0.618,0.682983682983683,tree
0.618,0.3682983682983683,bicycle
0.652,0.4568764568764569,guitar
0.572,0.2727272727272727,pencil
0.368,0.3822843822843823,clock
0.476,0.20279720279720279,car
0.538,0.14219114219114218,fish
0.516,0.5104895104895105,house
0.16,0.3006993006993007,tree
0.394,0.16783216783216784,bicycle
0.574,0.5641025641025641,guitar
0.304,0.42424242424242425,pencil
0.474,0.48951048951048953,clock
0.482,0.3706293706293706,car
0.496,0.2400932400932401,fish
0.42,0.4358974358974359,house
0.51,0.6433566433566433,tree
0.474,0.3776223776223776,bicycle
0.538,0.4801864801864802,guitar
0.516,0.7412587412587412,pencil
0.43,0.5454545454545454,clock
0.654,0.372960372960373,car
0.382,0.28438228438228436,fish
0.3,0.3916083916083916,house
0.106,0.7599067599067599,tree
0.318,0.20512820512820512,bicycle
0.336,0.8018648018648019,guitar
0.098,0.7016317016317016,pencil
0.414,0.47785547785547783,clock
0.624,0.331002331002331,car
0.566,0.46853146853146854,fish
0.466,0.5244755244755245,house
0.388,0.5314685314685315,tree
0.534,0.29836829836829837,bicycle
0.526,0.38461538461538464,guitar
0.54,0.3706293706293706,pencil
0.364,0.3333333333333333,clock
0.756,0.4522144522144522,car
0.42,0.1445221445221445,fish
0.622,0.8298368298368298,house
0.608,0.8484848484848485,tree
0.54,0.5524475524475524,bicycle
0.63,0.19813519813519814,guitar
0.302,0.030303030303030304,pencil
0.43,0.42424242424242425,clock
0.314,0.14685314685314685,car
0.444,0.21212121212121213,fish
0.304,0.358974358974359,house
0.516,0.62004662004662,tree
0.37,0.2517482517482518,bicycle
0.442,0.5431235431235432,guitar
0.194,0.4358974358974359,pencil
0.312,0.36363636363636365,clock
0.724,0.5547785547785548,car
0.482,0.2097902097902098,fish
0.448,0.62004662004662,house
0.456,0.8344988344988346,tree
0.582,0.5128205128205128,bicycle
0.274,0.6899766899766899,guitar
0.506,0.5874125874125874,pencil
0.496,0.5571095571095571,clock
0.608,0.24708624708624707,car
0.36,0.3006993006993007,fish
0.46,0.4568764568764569,house
0.554,0.634032634032634,tree
0.594,0.31934731934731936,bicycle
0.256,0.6130536130536131,guitar
0.294,0.5151515151515151,pencil
0.438,0.4289044289044289,clock
0.532,0.19813519813519814,car
0.452,0.22144522144522144,fish
0.562,0.26573426573426573,house
0.478,0.7249417249417249,tree
0.588,0.40559440559440557,bicycle
0.674,0.3146853146853147,guitar
0.406,0.4219114219114219,pencil
0.426,0.46386946386946387,clock
0.426,0.27505827505827507,car
0.372,0.3822843822843823,fish
0.544,0.4965034965034965,house
0.334,0.6433566433566433,tree
0.366,0.34498834498834496,bicycle
0.452,0.22377622377622378,guitar
0.48,0.09090909090909091,pencil
0.434,0.36596736596736595,clock
0.636,0.32400932400932403,car
0.624,0.21678321678321677,fish
0.426,0.5244755244755245,house
0.348,0.6083916083916084,tree
0.532,0.3822843822843823,bicycle
0.618,0.5710955710955711,guitar
0.522,0.40093240093240096,pencil
0.442,0.4988344988344988,clock
0.432,0.1888111888111888,car
0.344,0.19347319347319347,fish
0.348,0.4801864801864802,house
0.45,0.6526806526806527,tree
0.284,0.2494172494172494,bicycle
0.59,0.5104895104895105,guitar
0.332,0.4731934731934732,pencil
0.47,0.5221445221445221,clock
0.448,0.18181818181818182,car
0.54,0.2913752913752914,fish
0.566,0.5874125874125874,house
0.75,0.7762237762237763,tree
0.666,0.358974358974359,bicycle
0.742,0.27505827505827507,guitar
0.166,0.5501165501165501,pencil
0.562,0.44522144522144524,clock
0.508,0.3543123543123543,car
0.346,0.10256410256410256,fish
0.474,0.18181818181818182,house
0.312,0.47785547785547783,tree
0.484,0.30303030303030304,bicycle
0.58,0.3962703962703963,guitar
0.192,0.3356643356643357,pencil
0.354,0.34498834498834496,clock
0.618,0.358974358974359,car
0.446,0.23076923076923078,fish
0.516,0.6923076923076923,house
0.352,0.6083916083916084,tree
0.458,0.337995337995338,bicycle
0.522,0.5524475524475524,guitar
0.426,0.18181818181818182,pencil
0.64,0.6643356643356644,clock
0.516,0.3682983682983683,car
0.388,0.22144522144522144,fish
0.556,0.8018648018648019,house
0.414,0.6503496503496503,tree
0.572,0.3543123543123543,bicycle
0.568,0.668997668997669,guitar
0.476,0.6013986013986014,pencil
0.418,0.46386946386946387,clock
0.564,0.2494172494172494,car
0.51,0.2540792540792541,fish
0.61,0.662004662004662,house
0.482,0.6363636363636364,tree
0.526,0.3006993006993007,bicycle
0.54,0.5524475524475524,guitar
0.082,0.6713286713286714,pencil
0.466,0.5874125874125874,clock
0.6,0.46386946386946387,car
0.59,0.31934731934731936,fish
0.472,0.5571095571095571,house
0.644,0.7435897435897436,tree
0.354,0.40326340326340326,bicycle
0.578,0.32167832167832167,guitar
0.164,0.662004662004662,pencil
0.722,0.8648018648018648,clock
0.456,0.17016317016317017,car
0.482,0.3076923076923077,fish
0.366,0.4662004662004662,house
0.604,0.5268065268065268,tree
0.422,0.358974358974359,bicycle
0.258,0.6783216783216783,guitar
0.63,0.675990675990676,pencil
0.44,0.5757575757575758,clock
0.488,0.2540792540792541,car
0.312,0.27972027972027974,fish
0.254,0.44755244755244755,house
0.394,0.8041958041958042,tree
0.542,0.36363636363636365,bicycle
0.19,0.752913752913753,guitar
0.08,0.6107226107226107,pencil
0.232,0.34032634032634035,clock
0.542,0.5104895104895105,car
0.368,0.20279720279720279,fish
0.228,0.5431235431235432,house
0.432,0.5617715617715617,tree
0.55,0.4125874125874126,bicycle
0.522,0.7482517482517482,guitar
0.15,0.6363636363636364,pencil
0.502,0.5128205128205128,clock
0.718,0.3146853146853147,car
0.656,0.1794871794871795,fish
0.666,0.655011655011655,house
0.568,0.6876456876456877,tree
0.446,0.3076923076923077,bicycle
0.188,0.6993006993006993,guitar
0.506,0.5641025641025641,pencil
0.51,0.2517482517482518,clock
0.534,0.20745920745920746,car
0.446,0.1445221445221445,fish
0.58,0.7808857808857809,house
0.73,0.8811188811188811,tree
0.288,0.16083916083916083,bicycle
0.264,0.7972027972027972,guitar
0.05,0.5967365967365967,pencil
0.4,0.5944055944055944,clock
0.534,0.3076923076923077,car
0.276,0.0979020979020979,fish
0.276,0.26107226107226106,house
0.346,0.45454545454545453,tree
0.34,0.1958041958041958,bicycle
0.49,0.23543123543123542,guitar
0.022,0.28438228438228436,pencil
0.182,0.10722610722610723,clock
0.312,0.1351981351981352,car
0.438,0.4382284382284382,fish
0.296,0.4289044289044289,house
0.72,0.745920745920746,tree
0.416,0.2680652680652681,bicycle
0.672,0.5034965034965035,guitar
0.458,0.2773892773892774,pencil
0.298,0.28438228438228436,clock
0.322,0.20279720279720279,car
0.292,0.1258741258741259,fish
0.48,0.34265734265734266,house
0.618,0.4988344988344988,tree
0.226,0.2517482517482518,bicycle
0.46,0.5967365967365967,guitar
0.086,0.3356643356643357,pencil
0.282,0.4428904428904429,clock
0.718,0.46386946386946387,car
0.564,0.3916083916083916,fish
0.512,0.4662004662004662,house
0.54,0.745920745920746,tree
0.644,0.4219114219114219,bicycle
0.586,0.7435897435897436,guitar
0.556,0.7202797202797203,pencil
0.534,0.4801864801864802,clock
0.568,0.43123543123543123,car
0.37,0.43356643356643354,fish
0.386,0.43356643356643354,house
0.68,0.5641025641025641,tree
0.528,0.3776223776223776,bicycle
0.462,0.6456876456876457,guitar
0.286,0.41025641025641024,pencil
0.352,0.37995337995337997,clock
0.38,0.2400932400932401,car
0.608,0.6223776223776224,fish
0.486,0.7062937062937062,house
0.578,0.7342657342657343,tree
0.458,0.4662004662004662,bicycle
0.522,0.4172494172494173,guitar
0.316,0.4755244755244755,pencil
0.416,0.5058275058275058,clock
0.458,0.42424242424242425,car
0.434,0.3006993006993007,fish
0.388,0.5104895104895105,house
0.54,0.7902097902097902,tree
0.47,0.6060606060606061,bicycle
0.58,0.6060606060606061,guitar
0.018,0.46153846153846156,pencil
0.114,0.3916083916083916,clock
0.576,0.16083916083916083,car
0.44,0.12121212121212122,fish
0.32,0.44522144522144524,house
0.46,0.6223776223776224,tree
0.652,0.4731934731934732,bicycle
0.356,0.7342657342657343,guitar
0.42,0.43356643356643354,pencil
0.538,0.5571095571095571,clock
0.716,0.42424242424242425,car
0.566,0.26107226107226106,fish
0.764,0.6899766899766899,house
0.768,0.8181818181818182,tree
0.568,0.36363636363636365,bicycle
0.682,0.2191142191142191,guitar
0.374,0.013986013986013986,pencil
0.454,0.43356643356643354,clock
0.574,0.26107226107226106,car
0.41,0.2331002331002331,fish
0.6,0.4405594405594406,house
0.308,0.44988344988344986,tree
0.342,0.22843822843822845,bicycle
0.288,0.34032634032634035,guitar
0.292,0.2727272727272727,pencil
0.31,0.20046620046620048,clock
0.51,0.1794871794871795,car
0.396,0.11188811188811189,fish
0.532,0.32167832167832167,house
0.278,0.46153846153846156,tree
0.55,0.2867132867132867,bicycle
0.122,0.4731934731934732,guitar
0.248,0.27972027972027974,pencil
0.238,0.26573426573426573,clock
0.398,0.1585081585081585,car
0.358,0.44755244755244755,fish
0.876,0.9627039627039627,house
0.768,0.9627039627039627,tree
0.822,0.8624708624708625,bicycle
0.316,0.8181818181818182,guitar
0.228,0.3146853146853147,pencil
0.422,0.5944055944055944,clock
0.588,0.46853146853146854,car
0.436,0.24475524475524477,fish
0.524,0.6573426573426573,house
0.34,0.6363636363636364,tree
0.518,0.4428904428904429,bicycle
0.416,0.6317016317016317,guitar
0.38,0.38461538461538464,pencil
0.47,0.627039627039627,clock
0.404,0.16083916083916083,car
0.44,0.18181818181818182,fish
0.446,0.4801864801864802,house
0.404,0.5944055944055944,tree
0.462,0.372960372960373,bicycle
0.488,0.6060606060606061,guitar
0.31,0.3916083916083916,pencil
0.1,0.09090909090909091,clock
0.604,0.48484848484848486,car
0.492,0.21678321678321677,fish
0.538,0.6503496503496503,house
0.418,0.6876456876456877,tree
0.464,0.4801864801864802,bicycle
0.61,0.6923076923076923,guitar
0.46,0.5337995337995338,pencil
0.388,0.42657342657342656,clock
0.186,0.3076923076923077,car
0.23,0.21212121212121213,fish
0.178,0.2400932400932401,house
0.28,0.34965034965034963,tree
0.15,0.2097902097902098,bicycle
0.418,0.19114219114219114,guitar
0.316,0.4592074592074592,pencil
0.38,0.41025641025641024,clock
0.464,0.28438228438228436,car
0.488,0.20745920745920746,fish
0.424,0.5547785547785548,house
0.636,0.710955710955711,tree
0.376,0.2703962703962704,bicycle
0.4,0.5081585081585082,guitar
0.064,0.5944055944055944,pencil
0.438,0.5128205128205128,clock
0.498,0.3356643356643357,car
0.45,0.21445221445221446,fish
0.428,0.5034965034965035,house
0.388,0.5477855477855478,tree
0.438,0.2913752913752914,bicycle
0.502,0.3962703962703963,guitar
0.27,0.4289044289044289,pencil
0.372,0.43356643356643354,clock
0.534,0.38694638694638694,car
0.464,0.27972027972027974,fish
0.354,0.42424242424242425,house
0.47,0.6247086247086248,tree
0.562,0.38694638694638694,bicycle
0.494,0.4755244755244755,guitar
0.15,0.5058275058275058,pencil
0.296,0.3986013986013986,clock
0.658,0.32167832167832167,car
0.59,0.668997668997669,fish
0.562,0.5874125874125874,house
0.414,0.5664335664335665,tree
0.496,0.2773892773892774,bicycle
0.652,0.7575757575757576,guitar
0.548,0.6666666666666666,pencil
0.426,0.5011655011655012,clock
0.5,0.2703962703962704,car
0.452,0.40792540792540793,fish
0.5,0.5454545454545454,house
0.65,0.6573426573426573,tree
0.42,0.30536130536130535,bicycle
0.42,0.6223776223776224,guitar
0.346,0.4755244755244755,pencil
0.456,0.3986013986013986,clock
0.7,0.32634032634032634,car
0.58,0.2097902097902098,fish
0.384,0.4825174825174825,house
0.792,0.662004662004662,tree
0.472,0.4149184149184149,bicycle
0.728,0.2937062937062937,guitar
0.658,0.3986013986013986,pencil
0.344,0.3123543123543124,clock
0.414,0.21445221445221446,car
0.47,0.16783216783216784,fish
0.508,0.47785547785547783,house
0.482,0.5734265734265734,tree
0.494,0.32867132867132864,bicycle
0.632,0.22144522144522144,guitar
0.502,0.40559440559440557,pencil
0.314,0.30303030303030304,clock
0.354,0.21445221445221446,car
0.442,0.24708624708624707,fish
0.344,0.44988344988344986,house
0.276,0.4801864801864802,tree
0.442,0.5384615384615384,bicycle
0.196,0.4965034965034965,guitar
0.052,0.3146853146853147,pencil
0.26,0.32867132867132864,clock
0.628,0.2540792540792541,car
0.218,0.14918414918414918,fish
0.198,0.30303030303030304,house
0.626,0.6107226107226107,tree
0.402,0.28205128205128205,bicycle
0.286,0.24475524475524477,guitar
0.16,0.13053613053613053,pencil
0.274,0.3006993006993007,clock
0.622,0.36363636363636365,car
0.332,0.19813519813519814,fish
0.664,0.6503496503496503,house
0.346,0.5897435897435898,tree
0.57,0.34265734265734266,bicycle
0.352,0.4755244755244755,guitar
0.318,0.3962703962703963,pencil
0.384,0.47785547785547783,clock
0.394,0.2261072261072261,car
0.208,0.08391608391608392,fish
0.492,0.38694638694638694,house
0.43,0.703962703962704,tree
0.326,0.1655011655011655,bicycle
0.484,0.1655011655011655,guitar
0.156,0.14219114219114218,pencil
0.364,0.36363636363636365,clock
0.262,0.5011655011655012,car
0.412,0.23076923076923078,fish
0.438,0.289044289044289,house
0.56,0.6130536130536131,tree
0.39,0.24475524475524477,bicycle
0.634,0.2517482517482518,guitar
0.224,0.40326340326340326,pencil
0.312,0.358974358974359,clock
0.57,0.25874125874125875,car
0.458,0.43356643356643354,fish
0.348,0.5314685314685315,house
0.518,0.7972027972027972,tree
0.604,0.47086247086247085,bicycle
0.714,0.7599067599067599,guitar
0.396,0.41025641025641024,pencil
0.452,0.5268065268065268,clock
0.536,0.23776223776223776,car
0.532,0.20512820512820512,fish
0.414,0.5641025641025641,house
0.508,0.6783216783216783,tree
0.342,0.32634032634032634,bicycle
0.536,0.5664335664335665,guitar
0.518,0.46853146853146854,pencil
0.456,0.3986013986013986,clock
0.456,0.3333333333333333,car
0.504,0.6456876456876457,fish
0.396,0.717948717948718,house
0.47,1,tree
0.544,0.44755244755244755,bicycle
0.624,0.7062937062937062,guitar
0.64,0.6223776223776224,pencil
0.516,0.5454545454545454,clock
0.522,0.20512820512820512,car
0.352,0.19347319347319347,fish
0.292,0.337995337995338,house
0.222,0.46853146853146854,tree
0.38,0.2867132867132867,bicycle
0.424,0.4382284382284382,guitar
0.408,0.38694638694638694,pencil
0.266,0.3006993006993007,clock
0.458,0.48717948717948717,car
0.57,0.5361305361305362,fish
0.57,0.7319347319347319,house
0.65,0.8391608391608392,tree
0.628,0.6363636363636364,bicycle
0.716,0.8578088578088578,guitar
0.636,0.7389277389277389,pencil
0.6,0.7482517482517482,clock
0.666,0.44522144522144524,car
0.384,0.2400932400932401,fish
0.534,0.5944055944055944,house
0.478,0.5920745920745921,tree
0.426,0.40326340326340326,bicycle
0.498,0.5384615384615384,guitar
0.498,0.19347319347319347,pencil
0.352,0.3962703962703963,clock
0.49,0.17482517482517482,car
0.456,0.14918414918414918,fish
0.308,0.3916083916083916,house
0.65,0.6130536130536131,tree
0.364,0.1958041958041958,bicycle
0.122,0.5034965034965035,guitar
0.044,0.6223776223776224,pencil
0.404,0.4358974358974359,clock
0.722,0.48951048951048953,car
0.518,0.2680652680652681,fish
0.62,0.46853146853146854,house
0.318,0.6736596736596736,tree
0.676,0.7435897435897436,bicycle
0.31,0.48951048951048953,guitar
0.324,0.358974358974359,pencil
0.498,0.6923076923076923,clock
0.346,0.4428904428904429,car
0.6,0.16083916083916083,fish
0.612,0.6037296037296037,house
0.47,0.7132867132867133,tree
0.494,0.40326340326340326,bicycle
0.25,0.7902097902097902,guitar
0.036,0.6806526806526807,pencil
0.5,0.5757575757575758,clock
0.726,0.38461538461538464,car
0.378,0.31002331002331,fish
0.542,0.5617715617715617,house
0.414,0.6177156177156177,tree
0.304,0.2937062937062937,bicycle
0.26,0.682983682983683,guitar
0.068,0.4172494172494173,pencil
0.406,0.5337995337995338,clock
0.692,0.5034965034965035,car
0.644,0.317016317016317,fish
0.492,0.4662004662004662,house
0.664,0.6363636363636364,tree
0.494,0.32400932400932403,bicycle
0.542,0.675990675990676,guitar
0.392,0.40792540792540793,pencil
0.262,0.2400932400932401,clock
0.668,0.20512820512820512,car
0.532,0.3123543123543124,fish
0.74,0.32634032634032634,house
0.646,0.48717948717948717,tree
0.59,0.47785547785547783,bicycle
0.284,0.8041958041958042,guitar
0.606,0.7156177156177156,pencil
0.534,0.5477855477855478,clock
0.394,0.26573426573426573,car
0.514,0.41025641025641024,fish
0.37,0.5174825174825175,house
0.38,0.5594405594405595,tree
0.42,0.289044289044289,bicycle
0.602,0.4755244755244755,guitar
0.354,0.5384615384615384,pencil
0.376,0.4755244755244755,clock
0.454,0.14219114219114218,car
0.36,0.27972027972027974,fish
0.564,0.5221445221445221,house
0.21,0.4731934731934732,tree
0.49,0.31002331002331,bicycle
0.514,0.6153846153846154,guitar
0.574,0.1351981351981352,pencil
0.316,0.3962703962703963,clock
0.512,0.358974358974359,car
0.39,0.20512820512820512,fish
0.372,0.30303030303030304,house
0.388,0.6456876456876457,tree
0.248,0.2540792540792541,bicycle
0.538,0.5757575757575758,guitar
0.07,0.585081585081585,pencil
0.478,0.4988344988344988,clock
0.596,0.35664335664335667,car
0.562,0.26573426573426573,fish
0.602,0.48484848484848486,house
0.434,0.6480186480186481,tree
0.456,0.41025641025641024,bicycle
0.54,0.7272727272727273,guitar
0.4,0.5174825174825175,pencil
0.468,0.5967365967365967,clock
0.548,0.1864801864801865,car
0.558,0.3123543123543124,fish
0.426,0.43123543123543123,house
0.588,0.696969696969697,tree
0.574,0.3776223776223776,bicycle
0.74,0.29836829836829837,guitar
0.432,0.44522144522144524,pencil
0.27,0.30536130536130535,clock
0.53,0.4219114219114219,car
0.524,0.3986013986013986,fish
0.414,0.5710955710955711,house
0.388,0.6013986013986014,tree
0.528,0.6060606060606061,bicycle
0.43,0.6456876456876457,guitar
0.358,0.44755244755244755,pencil
0.322,0.37995337995337997,clock
0.24,0.4219114219114219,car
0.354,0.5454545454545454,fish
0.238,0.32400932400932403,house
0.482,0.5058275058275058,tree
0.51,0.34032634032634035,bicycle
0.348,0.5081585081585082,guitar
0.068,0.4125874125874126,pencil
0.336,0.38694638694638694,clock
0.422,0.2564102564102564,car
0.498,0.3076923076923077,fish
0.542,0.696969696969697,house
0.502,0.6899766899766899,tree
0.36,0.2703962703962704,bicycle
0.518,0.5710955710955711,guitar
0.484,0.668997668997669,pencil
0.49,0.5594405594405595,clock
0.666,0.30303030303030304,car
0.338,0.30303030303030304,fish
0.47,0.5221445221445221,house
0.49,0.6853146853146853,tree
0.442,0.5268065268065268,bicycle
0.538,0.5827505827505828,guitar
0.186,0.30303030303030304,pencil
0.418,0.28438228438228436,clock
0.652,0.3123543123543124,car
0.622,0.3776223776223776,fish
0.49,0.6177156177156177,house
0.582,0.7365967365967366,tree
0.522,0.331002331002331,bicycle
0.452,0.7482517482517482,guitar
0.306,0.4405594405594406,pencil
0.344,0.3752913752913753,clock
0.242,0.1655011655011655,car
0.346,0.20512820512820512,fish
0.53,0.6293706293706294,house
0.648,0.745920745920746,tree
0.446,0.30303030303030304,bicycle
0.49,0.4172494172494173,guitar
0.43,0.5198135198135199,pencil
0.336,0.3473193473193473,clock
0.726,0.2517482517482518,car
0.576,0.2261072261072261,fish
0.412,0.7762237762237763,house
0.516,0.7668997668997669,tree
0.598,0.4289044289044289,bicycle
0.544,0.16083916083916083,guitar
0.15,0.6853146853146853,pencil
0.462,0.4172494172494173,clock
0.41,0.578088578088578,car
0.574,0.627039627039627,fish
0.416,0.5734265734265734,house
0.566,0.6293706293706294,tree
0.476,0.31002331002331,bicycle
0.354,0.1958041958041958,guitar
0.45,0.34498834498834496,pencil
0.338,0.4801864801864802,clock
0.43,0.16783216783216784,car
0.588,0.1258741258741259,fish
0.496,0.6480186480186481,house
0.482,0.6410256410256411,tree
0.524,0.44522144522144524,bicycle
0.32,0.6083916083916084,guitar
0.058,0.7319347319347319,pencil
0.414,0.4731934731934732,clock
0.598,0.2634032634032634,car
0.3,0.10256410256410256,fish
0.708,0.8344988344988346,house
0.682,0.7599067599067599,tree
0.41,0.3473193473193473,bicycle
0.286,0.5757575757575758,guitar
0.396,0.5501165501165501,pencil
0.388,0.3776223776223776,clock
0.668,0.20512820512820512,car
0.526,0.22144522144522144,fish
0.488,0.6153846153846154,house
0.434,0.578088578088578,tree
0.524,0.4592074592074592,bicycle
0.278,0.5874125874125874,guitar
0.196,0.5710955710955711,pencil
0.574,0.6783216783216783,clock
0.372,0.27972027972027974,car
0.288,0.08158508158508158,fish
0.186,0.2867132867132867,house
0.756,0.44522144522144524,tree
0.398,0.36596736596736595,bicycle
0.17,0.5081585081585082,guitar
0.092,0.35664335664335667,pencil
0.214,0.23076923076923078,clock
0.262,0.22144522144522144,car
0.314,0.07459207459207459,fish
0.406,0.3613053613053613,house
0.226,0.331002331002331,tree
0.29,0.21212121212121213,bicycle
0.412,0.12354312354312354,guitar
0.136,0.31002331002331,pencil
0.298,0.28205128205128205,clock
0.656,0.27972027972027974,car
0.572,0.4172494172494173,fish
0.618,0.585081585081585,house
0.556,0.7086247086247086,tree
0.636,0.47086247086247085,bicycle
0.46,0.5314685314685315,guitar
0.408,0.48717948717948717,pencil
0.474,0.4289044289044289,clock
0.492,0.24242424242424243,car
0.442,0.1655011655011655,fish
0.672,0.7808857808857809,house
0.356,0.3776223776223776,tree
0.474,0.36363636363636365,bicycle
0.352,0.6433566433566433,guitar
0.1,0.5081585081585082,pencil
0.288,0.2703962703962704,clock
0.32,0.16783216783216784,car
0.604,0.6130536130536131,fish
0.624,0.29603729603729606,house
0.672,0.7482517482517482,tree
0.51,0.4568764568764569,bicycle
0.686,0.7552447552447552,guitar
0.566,0.7272727272727273,pencil
0.478,0.5384615384615384,clock
0.614,0.35664335664335667,car
0.444,0.20279720279720279,fish
0.342,0.3776223776223776,house
0.488,0.6853146853146853,tree
0.584,0.32867132867132864,bicycle
0.586,0.5641025641025641,guitar
0.154,0.2703962703962704,pencil
0.66,0.7808857808857809,clock
0.628,0.2261072261072261,car
0.238,0.11888111888111888,fish
0.138,0.32400932400932403,house
0.366,0.43123543123543123,tree
0.31,0.2494172494172494,bicycle
0.43,0.20279720279720279,guitar
0.448,0.1888111888111888,pencil
0.504,0.7086247086247086,clock
0.696,0.19347319347319347,car
0.422,0.21445221445221446,fish
0.622,0.5221445221445221,house
0.586,0.8158508158508159,tree
0.636,0.4289044289044289,bicycle
0.716,0.32400932400932403,guitar
0.054,0.3333333333333333,pencil
0.446,0.6107226107226107,clock
0.65,0.3473193473193473,car
0.508,0.2400932400932401,fish
0.59,0.578088578088578,house
0.536,0.7016317016317016,tree
0.61,0.4662004662004662,bicycle
0.61,0.32867132867132864,guitar
0.436,0.40559440559440557,pencil
0.612,0.5920745920745921,clock
0.592,0.4382284382284382,car
0.464,0.13986013986013987,fish
0.59,0.4755244755244755,house
0.338,0.578088578088578,tree
0.466,0.24475524475524477,bicycle
0.52,0.5268065268065268,guitar
0.138,0.5571095571095571,pencil
0.324,0.3146853146853147,clock
0.66,0.21212121212121213,car
0.486,0.09557109557109557,fish
0.504,0.5990675990675991,house
0.276,0.49184149184149184,tree
0.414,0.3123543123543124,bicycle
0.666,0.17482517482517482,guitar
0.034,0.5641025641025641,pencil
0.452,0.5384615384615384,clock
0.644,0.1888111888111888,car
0.59,0.3962703962703963,fish
0.688,0.5477855477855478,house
0.544,0.7272727272727273,tree
0.562,0.4125874125874126,bicycle
0.702,0.20512820512820512,guitar
0.218,0.6666666666666666,pencil
0.578,0.6480186480186481,clock
0.444,0.17715617715617715,car
0.48,0.2191142191142191,fish
0.35,0.49184149184149184,house
0.306,0.4825174825174825,tree
0.306,0.24242424242424243,bicycle
0.42,0.5547785547785548,guitar
0.282,0.44755244755244755,pencil
0.338,0.3776223776223776,clock
0.332,0.21445221445221446,car
0.3,0.16083916083916083,fish
0.468,0.662004662004662,house
0.522,0.6899766899766899,tree
0.272,0.23776223776223776,bicycle
0.47,0.5827505827505828,guitar
0.436,0.49184149184149184,pencil
0.642,0.26573426573426573,clock
0.402,0.32167832167832167,car
0.618,0.13286713286713286,fish
0.646,0.5314685314685315,house
0.344,0.43356643356643354,tree
0.208,0.07692307692307693,bicycle
0.544,0.5384615384615384,guitar
0.032,0.43123543123543123,pencil
0.334,0.31002331002331,clock
0.572,0.4289044289044289,car
0.454,0.3123543123543124,fish
0.33,0.4755244755244755,house
0.58,0.6247086247086248,tree
0.54,0.3939393939393939,bicycle
0.292,0.627039627039627,guitar
0.478,0.3473193473193473,pencil
0.472,0.45454545454545453,clock
0.59,0.2867132867132867,car
0.202,0.11188811188811189,fish
0.48,0.35664335664335667,house
0.496,0.5641025641025641,tree
0.556,0.36596736596736595,bicycle
0.632,0.7505827505827506,guitar
0.224,0.27972027972027974,pencil
0.334,0.4125874125874126,clock
0.596,0.20745920745920746,car
0.446,0.1888111888111888,fish
0.58,0.3822843822843823,house
0.446,0.7132867132867133,tree
0.496,0.32167832167832167,bicycle
0.334,0.5128205128205128,guitar
0.26,0.25874125874125875,pencil
0.332,0.6363636363636364,clock
0.49,0.1958041958041958,car
0.328,0.1794871794871795,fish
0.276,0.34965034965034963,house
0.374,0.5757575757575758,tree
0.276,0.25874125874125875,bicycle
0.486,0.3006993006993007,guitar
0.264,0.26107226107226106,pencil
0.352,0.40326340326340326,clock
0.614,0.30303030303030304,car
0.582,0.27972027972027974,fish
0.462,0.5641025641025641,house
0.534,0.7342657342657343,tree
0.65,0.40093240093240096,bicycle
0.304,0.752913752913753,guitar
0.392,0.06293706293706294,pencil
0.628,0.4825174825174825,clock
0.526,0.1888111888111888,car
0.3,0.20512820512820512,fish
0.584,0.3822843822843823,house
0.52,0.5407925407925408,tree
0.386,0.32867132867132864,bicycle
0.326,0.5524475524475524,guitar
0.62,0.5244755244755245,pencil
0.406,0.42657342657342656,clock
0.492,0.2261072261072261,car
0.242,0.06993006993006994,fish
0.292,0.32634032634032634,house
0.228,0.4801864801864802,tree
0.432,0.2494172494172494,bicycle
0.16,0.5337995337995338,guitar
0,0.34965034965034963,pencil
0.278,0.28205128205128205,clock
0.572,0.20046620046620048,car
0.558,0.331002331002331,fish
0.492,0.5034965034965035,house
0.452,0.7482517482517482,tree
0.654,0.43356643356643354,bicycle
0.308,0.7738927738927739,guitar
0.176,0.24242424242424243,pencil
0.51,0.34965034965034963,clock
0.664,0.46386946386946387,car
0.498,0.3333333333333333,fish
0.518,0.44755244755244755,house
0.574,0.7132867132867133,tree
0.552,0.5058275058275058,bicycle
0.566,0.6853146853146853,guitar
0.552,0.6736596736596736,pencil
0.43,0.4731934731934732,clock
0.404,0.12354312354312354,car
0.634,0.2494172494172494,fish
0.574,0.3916083916083916,house
0.464,0.6946386946386947,tree
0.412,0.1864801864801865,bicycle
0.69,0.2540792540792541,guitar
0.252,0.23076923076923078,pencil
0.386,0.3916083916083916,clock
0.42,0.41025641025641024,car
0.636,0.3006993006993007,fish
0.564,0.703962703962704,house
0.452,0.7575757575757576,tree
0.57,0.41025641025641024,bicycle
0.474,0.4172494172494173,guitar
0.406,0.4125874125874126,pencil
0.378,0.34498834498834496,clock
0.65,0.6853146853146853,car
0.62,0.7715617715617715,fish
0.664,0.7972027972027972,house
0.622,0.7948717948717948,tree
0.532,0.710955710955711,bicycle
0.664,0.8484848484848485,guitar
0.652,0.8251748251748252,pencil
0.664,0.8018648018648019,clock
0.684,0.5081585081585082,car
0.662,0.40792540792540793,fish
0.728,0.5081585081585082,house
0.54,0.6876456876456877,tree
0.514,0.2400932400932401,bicycle
0.692,0.3613053613053613,guitar
0.524,0.3776223776223776,pencil
0.628,0.5501165501165501,clock
0.646,0.7272727272727273,car
0.318,0.710955710955711,fish
0.754,0.8438228438228438,house
0.736,0.7715617715617715,tree
0.604,0.43356643356643354,bicycle
0.582,0.8041958041958042,guitar
0.554,0.5944055944055944,pencil
0.426,0.5128205128205128,clock
0.584,0.26573426573426573,car
0.5,0.19114219114219114,fish
0.472,0.5547785547785548,house
0.576,0.745920745920746,tree
0.61,0.3706293706293706,bicycle
0.654,0.696969696969697,guitar
0.21,0.5524475524475524,pencil
0.486,0.48484848484848486,clock
0.466,0.32867132867132864,car
0.238,0.13986013986013987,fish
0.262,0.4405594405594406,house
0.246,0.5547785547785548,tree
0.316,0.20046620046620048,bicycle
0.16,0.4755244755244755,guitar
0.036,0.5314685314685315,pencil
0.29,0.46386946386946387,clock
0.394,0.3962703962703963,car
0.502,0.3543123543123543,fish
0.558,0.5477855477855478,house
0.7,0.8275058275058275,tree
0.566,0.46386946386946387,bicycle
0.37,0.7808857808857809,guitar
0.48,0.40326340326340326,pencil
0.446,0.5011655011655012,clock
0.484,0.2564102564102564,car
0.552,0.31934731934731936,fish
0.636,0.38694638694638694,house
0.608,0.6013986013986014,tree
0.64,0.38694638694638694,bicycle
0.464,0.7762237762237763,guitar
0.436,0.6503496503496503,pencil
0.194,0.5151515151515151,clock
0.348,0.2634032634032634,car
0.382,0.19114219114219114,fish
0.148,0.4358974358974359,house
0.328,0.6130536130536131,tree
0.418,0.32867132867132864,bicycle
0.604,0.27505827505827507,guitar
0.072,0.42657342657342656,pencil
0.236,0.23776223776223776,clock
0.444,0.25874125874125875,car
0.556,0.15384615384615385,fish
0.332,0.6083916083916084,house
0.42,0.634032634032634,tree
0.438,0.20279720279720279,bicycle
0.21,0.20745920745920746,guitar
0.07,0.40093240093240096,pencil
0.348,0.31002331002331,clock
0.322,0.14918414918414918,car
0.204,0.12121212121212122,fish
0.604,0.4428904428904429,house
0.326,0.6480186480186481,tree
0.464,0.34265734265734266,bicycle
0.11,0.351981351981352,guitar
0.042,0.3776223776223776,pencil
0.274,0.29836829836829837,clock
0.652,0.34265734265734266,car
0.438,0.2494172494172494,fish
0.56,0.6037296037296037,house
0.536,0.7622377622377622,tree
0.64,0.48717948717948717,bicycle
0.58,0.5827505827505828,guitar
0.476,0.4568764568764569,pencil
0.376,0.289044289044289,clock
0.646,0.34965034965034963,car
0.604,0.38927738927738925,fish
0.52,0.7668997668997669,house
0.662,0.7272727272727273,tree
0.562,0.585081585081585,bicycle
0.502,0.5268065268065268,guitar
0.598,0.5268065268065268,pencil
0.524,0.6037296037296037,clock
0.522,0.19347319347319347,car
0.47,0.19813519813519814,fish
0.242,0.3123543123543124,house
0.28,0.43123543123543123,tree
0.29,0.23543123543123542,bicycle
0.432,0.23543123543123542,guitar
0.482,0.13752913752913754,pencil
0.454,0.3333333333333333,clock
0.684,0.337995337995338,car
0.566,0.22377622377622378,fish
0.53,0.8578088578088578,house
0.624,0.8531468531468531,tree
0.53,0.3473193473193473,bicycle
0.618,0.2191142191142191,guitar
0.138,0.7086247086247086,pencil
0.414,0.38461538461538464,clock
0.572,0.5244755244755245,car
0.426,0.23543123543123542,fish
0.448,0.6223776223776224,house
0.336,0.7622377622377622,tree
0.514,0.29603729603729606,bicycle
0.344,0.4801864801864802,guitar
0.306,0.2867132867132867,pencil
0.374,0.40326340326340326,clock
0.42,0.48951048951048953,car
0.24,0.1864801864801865,fish
0.408,0.5477855477855478,house
0.618,0.42657342657342656,tree
0.318,0.351981351981352,bicycle
0.53,0.8601398601398601,guitar
0.522,0.6526806526806527,pencil
0.468,0.6596736596736597,clock
0.71,0.4358974358974359,car
0.556,0.2540792540792541,fish
0.57,0.5198135198135199,house
0.42,0.5594405594405595,tree
0.586,0.3939393939393939,bicycle
0.56,0.40792540792540793,guitar
0.056,0.08624708624708624,pencil
0.318,0.3939393939393939,clock
0.604,0.3076923076923077,car
0.486,0.1958041958041958,fish
0.496,0.5151515151515151,house
0.418,0.5920745920745921,tree
0.36,0.3776223776223776,bicycle
0.624,0.5641025641025641,guitar
0.598,0.4731934731934732,pencil
0.3,0.29603729603729606,clock
0.466,0.20512820512820512,car
0.316,0.1561771561771562,fish
0.31,0.4289044289044289,house
0.402,0.5361305361305362,tree
0.402,0.24475524475524477,bicycle
0.342,0.10256410256410256,guitar
0.212,0.317016317016317,pencil
0.254,0.3146853146853147,clock
0.518,0.22144522144522144,car
0.312,0.16783216783216784,fish
0.412,0.5477855477855478,house
0.394,0.5990675990675991,tree
0.536,0.3356643356643357,bicycle
0.23,0.627039627039627,guitar
0.392,0.5198135198135199,pencil
0.136,0.6503496503496503,clock
0.46,0.26573426573426573,car
0.414,0.2703962703962704,fish
0.504,0.5944055944055944,house
0.386,0.5920745920745921,tree
0.39,0.32400932400932403,bicycle
0.568,0.29603729603729606,guitar
0.044,0.5897435897435898,pencil
0.322,0.4172494172494173,clock
0.324,0.2937062937062937,car
0.434,0.3333333333333333,fish
0.138,0.2703962703962704,house
0.288,0.4428904428904429,tree
0.182,0.32634032634032634,bicycle
0.462,0.5641025641025641,guitar
0.37,0.023310023310023312,pencil
0.126,0.4125874125874126,clock
0.638,0.5431235431235432,car
0.672,0.5221445221445221,fish
0.752,0.5524475524475524,house
0.768,0.717948717948718,tree
0.68,0.5174825174825175,bicycle
0.71,0.7668997668997669,guitar
0.226,0.7062937062937062,pencil
0.486,0.5944055944055944,clock
0.306,0.19347319347319347,car
0.484,0.3613053613053613,fish
0.466,0.5920745920745921,house
0.436,0.6456876456876457,tree
0.466,0.4149184149184149,bicycle
0.578,0.7319347319347319,guitar
0.464,0.5058275058275058,pencil
0.438,0.44755244755244755,clock
0.734,0.34265734265734266,car
0.594,0.28205128205128205,fish
0.59,0.6899766899766899,house
0.578,0.7645687645687645,tree
0.628,0.4289044289044289,bicycle
0.546,0.62004662004662,guitar
0.07,0.7389277389277389,pencil
0.64,0.7249417249417249,clock
0.492,0.26107226107226106,car
0.622,0.5641025641025641,fish
0.57,0.4522144522144522,house
0.654,0.8018648018648019,tree
0.46,0.34965034965034963,bicycle
0.58,0.6247086247086248,guitar
0.034,0.48484848484848486,pencil
0.572,0.6060606060606061,clock
0.614,0.2400932400932401,car
0.514,0.28438228438228436,fish
0.454,0.28205128205128205,house
0.358,0.5710955710955711,tree
0.486,0.32867132867132864,bicycle
0.558,0.3752913752913753,guitar
0.5,0.34032634032634035,pencil
0.316,0.2913752913752914,clock
0.524,0.2937062937062937,car
0.31,0.26107226107226106,fish
0.236,0.32400932400932403,house
0.26,0.3822843822843823,tree
0.43,0.32634032634032634,bicycle
0.54,0.3006993006993007,guitar
0.384,0.2564102564102564,pencil
0.324,0.37995337995337997,clock
0.684,0.43123543123543123,car
0.358,0.23543123543123542,fish
0.446,0.3776223776223776,house
0.46,0.5244755244755245,tree
0.368,0.24475524475524477,bicycle
0.618,0.5990675990675991,guitar
0.262,0.337995337995338,pencil
0.41,0.41025641025641024,clock
0.752,0.35664335664335667,car
0.472,0.29603729603729606,fish
0.71,0.703962703962704,house
0.71,0.8321678321678322,tree
0.548,0.317016317016317,bicycle
0.686,0.7925407925407926,guitar
0.054,0.7412587412587412,pencil
0.664,0.8181818181818182,clock
0.688,0.2400932400932401,car
0.686,0.31002331002331,fish
0.326,0.682983682983683,house
0.744,0.8787878787878788,tree
0.438,0.47086247086247085,bicycle
0.718,0.22377622377622378,guitar
0.518,0.6853146853146853,pencil
0.328,0.3333333333333333,clock
0.61,0.23543123543123542,car
0.476,0.18181818181818182,fish
0.528,0.6666666666666666,house
0.436,0.6037296037296037,tree
0.446,0.358974358974359,bicycle
0.258,0.6177156177156177,guitar
0.024,0.5198135198135199,pencil
0.228,0.2540792540792541,clock
0.468,0.48717948717948717,car
0.326,0.5034965034965035,fish
0.462,0.5547785547785548,house
0.604,0.696969696969697,tree
0.514,0.3939393939393939,bicycle
0.196,0.5034965034965035,guitar
0.366,0.43356643356643354,pencil
0.274,0.6130536130536131,clock
0.698,0.3752913752913753,car
0.474,0.3986013986013986,fish
0.448,0.5104895104895105,house
0.55,0.7505827505827506,tree
0.464,0.3473193473193473,bicycle
0.482,0.6083916083916084,guitar
0.322,0.5664335664335665,pencil
0.502,0.5734265734265734,clock
0.634,0.5198135198135199,car
0.306,0.07226107226107226,fish
0.34,0.1958041958041958,house
0.29,0.2331002331002331,tree
0.392,0.2097902097902098,bicycle
0.292,0.6596736596736597,guitar
0.422,0.023310023310023312,pencil
0.316,0.29836829836829837,clock
0.418,0.2773892773892774,car
0.392,0.17016317016317017,fish
0.378,0.6666666666666666,house
0.506,0.7762237762237763,tree
0.492,0.49184149184149184,bicycle
0.572,0.4662004662004662,guitar
0.554,0.4592074592074592,pencil
0.444,0.5314685314685315,clock
0.494,0.22843822843822845,car
0.34,0.1445221445221445,fish
0.41,0.3752913752913753,house
0.368,0.5407925407925408,tree
0.518,0.2400932400932401,bicycle
0.678,0.7132867132867133,guitar
0.266,0.2494172494172494,pencil
0.332,0.28438228438228436,clock
0.584,0.18181818181818182,car
0.616,0.46853146853146854,fish
0.582,0.682983682983683,house
0.592,0.8111888111888111,tree
0.478,0.48484848484848486,bicycle
0.508,0.7342657342657343,guitar
0.284,0.5291375291375291,pencil
0.306,0.30303030303030304,clock
0.57,0.17482517482517482,car
0.506,0.337995337995338,fish
0.482,0.4428904428904429,house
0.682,0.7365967365967366,tree
0.368,0.28205128205128205,bicycle
0.514,0.6130536130536131,guitar
0.012,0.48717948717948717,pencil
0.344,0.36596736596736595,clock
0.692,0.4662004662004662,car
0.5,0.40093240093240096,fish
0.59,0.6386946386946387,house
0.526,0.7575757575757576,tree
0.546,0.3939393939393939,bicycle
0.602,0.6433566433566433,guitar
0.59,0.7319347319347319,pencil
0.526,0.5477855477855478,clock
0.564,0.34498834498834496,car
0.428,0.21212121212121213,fish
0.476,0.4965034965034965,house
0.562,0.7692307692307693,tree
0.478,0.3076923076923077,bicycle
0.58,0.5804195804195804,guitar
0.444,0.37995337995337997,pencil
0.49,0.717948717948718,clock
0.182,0.08391608391608392,car
0.48,0.20512820512820512,fish
0.21,0.32634032634032634,house
0.574,0.5337995337995338,tree
0.438,0.20745920745920746,bicycle
0.518,0.1794871794871795,guitar
0.01,0.20279720279720279,pencil
0.294,0.29603729603729606,clock
0.452,0.37995337995337997,car
0.25,0.17715617715617715,fish
0.552,0.5407925407925408,house
0.622,0.8205128205128205,tree
0.52,0.3752913752913753,bicycle
0.528,0.62004662004662,guitar
0.35,0.3333333333333333,pencil
0.456,0.5174825174825175,clock
0.548,0.31002331002331,car
0.512,0.3006993006993007,fish
0.698,0.5967365967365967,house
0.444,0.6643356643356644,tree
0.512,0.43123543123543123,bicycle
0.49,0.6410256410256411,guitar
0.442,0.6410256410256411,pencil
0.42,0.4289044289044289,clock
0.654,0.4568764568764569,car
0.722,0.3986013986013986,fish
0.766,0.578088578088578,house
0.736,0.7715617715617715,tree
0.74,0.5244755244755245,bicycle
0.74,0.7552447552447552,guitar
0.448,0.7762237762237763,pencil
0.478,0.5314685314685315,clock
0.496,0.3123543123543124,car
0.53,0.36596736596736595,fish
0.576,0.3939393939393939,house
0.462,0.6060606060606061,tree
0.434,0.2913752913752914,bicycle
0.414,0.16783216783216784,guitar
0.326,0.34265734265734266,pencil
0.48,0.578088578088578,clock
0.398,0.21445221445221446,car
0.242,0.1888111888111888,fish
0.36,0.5757575757575758,house
0.766,0.5571095571095571,tree
0.494,0.4149184149184149,bicycle
0.484,0.28205128205128205,guitar
0.032,0.4522144522144522,pencil
0.344,0.3939393939393939,clock
0.734,0.3076923076923077,car
0.56,0.5151515151515151,fish
0.478,0.5337995337995338,house
0.492,0.627039627039627,tree
0.58,0.42424242424242425,bicycle
0.592,0.7925407925407926,guitar
0.322,0.7272727272727273,pencil
0.554,0.5547785547785548,clock
0.496,0.17249417249417248,car
0.494,0.2191142191142191,fish
0.472,0.4592074592074592,house
0.432,0.5617715617715617,tree
0.466,0.3473193473193473,bicycle
0.486,0.40326340326340326,guitar
0.02,0.40093240093240096,pencil
0.298,0.32167832167832167,clock
0.552,0.27505827505827507,car
0.622,0.47086247086247085,fish
0.568,0.6643356643356644,house
0.63,0.8368298368298368,tree
0.634,0.5174825174825175,bicycle
0.642,0.5221445221445221,guitar
0.43,0.5034965034965035,pencil
0.354,0.3822843822843823,clock
0.456,0.13986013986013987,car
0.262,0.1585081585081585,fish
0.582,0.3473193473193473,house
0.522,0.6876456876456877,tree
0.5,0.35664335664335667,bicycle
0.502,0.44755244755244755,guitar
0.514,0.22843822843822845,pencil
0.332,0.337995337995338,clock
0.386,0.2097902097902098,car
0.344,0.22843822843822845,fish
0.294,0.4988344988344988,house
0.396,0.6037296037296037,tree
0.346,0.26107226107226106,bicycle
0.44,0.11188811188811189,guitar
0.052,0.44988344988344986,pencil
0.194,0.32867132867132864,clock
0.62,0.289044289044289,car
0.656,0.6293706293706294,fish
0.768,0.745920745920746,house
0.702,0.8764568764568764,tree
0.684,0.5687645687645687,bicycle
0.706,0.7435897435897436,guitar
0.034,0.49417249417249415,pencil
0.376,0.1655011655011655,clock
0.692,0.2773892773892774,car
0.494,0.30303030303030304,fish
0.54,0.4988344988344988,house
0.616,0.6433566433566433,tree
0.638,0.46386946386946387,bicycle
0.486,0.6410256410256411,guitar
0.424,0.6177156177156177,pencil
0.326,0.4358974358974359,clock
0.678,0.2703962703962704,car
0.564,0.32634032634032634,fish
0.476,0.38694638694638694,house
0.508,0.6107226107226107,tree
0.536,0.331002331002331,bicycle
0.498,0.6899766899766899,guitar
0.28,0.351981351981352,pencil
0.334,0.30303030303030304,clock
0.568,0.1794871794871795,car
0.376,0.1864801864801865,fish
0.476,0.46386946386946387,house
0.516,0.5547785547785548,tree
0.624,0.43123543123543123,bicycle
0.584,0.5734265734265734,guitar
0.49,0.1445221445221445,pencil
0.318,0.2913752913752914,clock
0.354,0.1888111888111888,car
0.458,0.2191142191142191,fish
0.232,0.5198135198135199,house
0.414,0.5361305361305362,tree
0.494,0.3543123543123543,bicycle
0.676,0.2913752913752914,guitar
0.644,0.10722610722610723,pencil
0.432,0.4149184149184149,clock
0.586,0.2400932400932401,car
0.35,0.1258741258741259,fish
0.214,0.47086247086247085,house
0.376,0.627039627039627,tree
0.234,0.2261072261072261,bicycle
0.392,0.317016317016317,guitar
0.506,0.07925407925407925,pencil
0.402,0.4801864801864802,clock
0.592,0.2680652680652681,car
0.404,0.1864801864801865,fish
0.296,0.6107226107226107,house
0.354,0.5920745920745921,tree
0.668,0.6526806526806527,bicycle
0.222,0.5268065268065268,guitar
0.076,0.5337995337995338,pencil
0.326,0.34032634032634035,clock
0.598,0.32400932400932403,car
0.45,0.19114219114219114,fish
0.336,0.2400932400932401,house
0.402,0.3752913752913753,tree
0.422,0.23076923076923078,bicycle
0.232,0.6130536130536131,guitar
0.532,0.08391608391608392,pencil
0.54,0.4825174825174825,clock
0.69,0.30536130536130535,car
0.436,0.22843822843822845,fish
0.522,0.48717948717948717,house
0.532,0.5058275058275058,tree
0.494,0.3123543123543124,bicycle
0.518,0.4289044289044289,guitar
0.42,0.44755244755244755,pencil
0.416,0.42424242424242425,clock
0.432,0.34498834498834496,car
0.478,0.21212121212121213,fish
0.44,0.7389277389277389,house
0.61,0.7132867132867133,tree
0.544,0.34032634032634035,bicycle
0.556,0.4125874125874126,guitar
0.064,0.5337995337995338,pencil
0.292,0.32634032634032634,clock
0.496,0.21445221445221446,car
0.394,0.22144522144522144,fish
0.468,0.3939393939393939,house
0.478,0.7249417249417249,tree
0.4,0.40792540792540793,bicycle
0.252,0.7156177156177156,guitar
0.386,0.4195804195804196,pencil
0.332,0.34965034965034963,clock
0.544,0.2191142191142191,car
0.63,0.32167832167832167,fish
0.614,0.745920745920746,house
0.476,0.7202797202797203,tree
0.606,0.46853146853146854,bicycle
0.562,0.5687645687645687,guitar
0.354,0.5827505827505828,pencil
0.438,0.8344988344988346,clock
0.748,0.40326340326340326,car
0.54,0.15151515151515152,fish
0.634,0.5174825174825175,house
0.442,0.62004662004662,tree
0.552,0.37995337995337997,bicycle
0.558,0.1794871794871795,guitar
0.038,0.5198135198135199,pencil
0.348,0.3776223776223776,clock
0.57,0.32167832167832167,car
0.34,0.2400932400932401,fish
0.512,0.7132867132867133,house
0.5,0.627039627039627,tree
0.508,0.578088578088578,bicycle
0.322,0.8508158508158508,guitar
0.194,0.7575757575757576,pencil
0.516,0.5221445221445221,clock
0.648,0.6060606060606061,car
0.626,0.5897435897435898,fish
0.768,0.7622377622377622,house
0.768,0.6713286713286714,tree
0.666,0.5407925407925408,bicycle
0.5,0.6060606060606061,guitar
0.058,0.7482517482517482,pencil
0.528,0.5291375291375291,clock
0.59,0.2517482517482518,car
0.532,0.3986013986013986,fish
0.714,0.4825174825174825,house
0.548,0.8018648018648019,tree
0.74,0.47785547785547783,bicycle
0.568,0.8414918414918415,guitar
0.452,0.8321678321678322,pencil
0.616,0.6503496503496503,clock
0.306,0.1561771561771562,car
0.28,0.17016317016317017,fish
0.642,0.4358974358974359,house
0.584,0.7249417249417249,tree
0.576,0.44522144522144524,bicycle
0.594,0.3543123543123543,guitar
0.528,0.3473193473193473,pencil
0.326,0.32867132867132864,clock
0.4,0.20745920745920746,car
0.28,0.20745920745920746,fish
0.238,0.16783216783216784,house
0.412,0.5897435897435898,tree
0.418,0.38694638694638694,bicycle
0.38,0.27972027972027974,guitar
0.142,0.2517482517482518,pencil
0.188,0.2867132867132867,clock
0.582,0.16083916083916083,car
0.57,0.25874125874125875,fish
0.45,0.45454545454545453,house
0.358,0.6037296037296037,tree
0.372,0.22377622377622378,bicycle
0.682,0.6363636363636364,guitar
0.564,0.5081585081585082,pencil
0.536,0.6083916083916084,clock
0.632,0.6247086247086248,car
0.586,0.3706293706293706,fish
0.638,0.662004662004662,house
0.61,0.8414918414918415,tree
0.504,0.41025641025641024,bicycle
0.518,0.7249417249417249,guitar
0.126,0.6806526806526807,pencil
0.348,0.49184149184149184,clock
0.56,0.38927738927738925,car
0.52,0.1864801864801865,fish
0.494,0.42424242424242425,house
0.412,0.8624708624708625,tree
0.55,0.5058275058275058,bicycle
0.548,0.28205128205128205,guitar
0.574,0.12121212121212122,pencil
0.776,0.289044289044289,clock
0.724,0.44755244755244755,car
0.604,0.3986013986013986,fish
0.382,0.6317016317016317,house
0.638,0.6993006993006993,tree
0.534,0.3916083916083916,bicycle
0.622,0.15384615384615385,guitar
0.094,0.7272727272727273,pencil
0.734,0.7692307692307693,clock
0.446,0.20046620046620048,car
0.186,0.16317016317016317,fish
0.31,0.5104895104895105,house
0.396,0.627039627039627,tree
0.252,0.16317016317016317,bicycle
0.216,0.703962703962704,guitar
0.29,0.2913752913752914,pencil
0.288,0.48951048951048953,clock
0.41,0.2727272727272727,car
0.446,0.07226107226107226,fish
0.444,0.4358974358974359,house
0.3,0.5128205128205128,tree
0.436,0.16083916083916083,bicycle
0.724,0.2773892773892774,guitar
0.514,0.5594405594405595,pencil
0.23,0.29836829836829837,clock
0.626,0.31002331002331,car
0.36,0.1351981351981352,fish
0.474,0.37995337995337997,house
0.572,0.7902097902097902,tree
0.414,0.3682983682983683,bicycle
0.522,0.5897435897435898,guitar
0.268,0.05128205128205128,pencil
0.36,0.37995337995337997,clock
0.654,0.2191142191142191,car
0.586,0.22377622377622378,fish
0.554,0.42657342657342656,house
0.476,0.7715617715617715,tree
0.504,0.38927738927738925,bicycle
0.522,0.17016317016317017,guitar
0.292,0.4382284382284382,pencil
0.39,0.3076923076923077,clock
0.548,0.3333333333333333,car
0.222,0.11655011655011654,fish
0.528,0.5990675990675991,house
0.482,0.662004662004662,tree
0.414,0.32867132867132864,bicycle
0.548,0.26573426573426573,guitar
0.02,0.5268065268065268,pencil
0.28,0.3543123543123543,clock
0.538,0.1864801864801865,car
0.564,0.24475524475524477,fish
0.508,0.7016317016317016,house
0.336,0.8764568764568764,tree
0.496,0.2727272727272727,bicycle
0.484,0.3776223776223776,guitar
0.486,0.3706293706293706,pencil
0.434,0.44755244755244755,clock
0.684,0.3613053613053613,car
0.704,0.6596736596736597,fish
0.65,0.5454545454545454,house
0.53,0.8251748251748252,tree
0.55,0.4195804195804196,bicycle
0.66,0.7902097902097902,guitar
0.552,0.7645687645687645,pencil
0.368,0.8438228438228438,clock
0.398,0.3822843822843823,car
0.404,0.13053613053613053,fish
0.448,0.46853146853146854,house
0.232,0.4382284382284382,tree
0.298,0.2564102564102564,bicycle
0.53,0.5641025641025641,guitar
0.344,0.3776223776223776,pencil
0.276,0.337995337995338,clock
0.528,0.372960372960373,car
0.434,0.47086247086247085,fish
0.644,0.5990675990675991,house
0.398,0.5198135198135199,tree
0.364,0.21212121212121213,bicycle
0.442,0.42657342657342656,guitar
0.292,0.6060606060606061,pencil
0.436,0.5011655011655012,clock
0.584,0.1958041958041958,car
0.442,0.15151515151515152,fish
0.41,0.2400932400932401,house
0.65,0.7645687645687645,tree
0.544,0.25874125874125875,bicycle
0.47,0.4195804195804196,guitar
0.046,0.44522144522144524,pencil
0.262,0.24242424242424243,clock
0.702,0.4568764568764569,car
0.532,0.5151515151515151,fish
0.384,0.6293706293706294,house
0.522,0.7365967365967366,tree
0.588,0.675990675990676,bicycle
0.396,0.7575757575757576,guitar
0.504,0.46853146853146854,pencil
0.508,0.6177156177156177,clock
0.716,0.14685314685314685,car
0.31,0.09557109557109557,fish
0.338,0.4731934731934732,house
0.268,0.6736596736596736,tree
0.536,0.3333333333333333,bicycle
0.526,0.0979020979020979,guitar
0.184,0.22377622377622378,pencil
0.276,0.25874125874125875,clock
0.538,0.2540792540792541,car
0.522,0.3146853146853147,fish
0.508,0.42424242424242425,house
0.346,0.5337995337995338,tree
0.588,0.2564102564102564,bicycle
0.624,0.42424242424242425,guitar
0.312,0.27505827505827507,pencil
0.31,0.3333333333333333,clock
0.514,0.331002331002331,car
0.548,0.31934731934731936,fish
0.614,0.5944055944055944,house
0.47,0.7016317016317016,tree
0.514,0.3962703962703963,bicycle
0.278,0.655011655011655,guitar
0.498,0.5407925407925408,pencil
0.452,0.5617715617715617,clock
0.58,0.40326340326340326,car
0.492,0.2494172494172494,fish
0.668,0.5477855477855478,house
0.424,0.951048951048951,tree
0.514,0.4125874125874126,bicycle
0.506,0.46153846153846156,guitar
0.292,0.3706293706293706,pencil
0.32,0.4172494172494173,clock
0.592,0.32167832167832167,car
0.644,0.3543123543123543,fish
0.494,0.45454545454545453,house
0.368,0.8158508158508159,tree
0.59,0.34265734265734266,bicycle
0.512,0.14219114219114218,guitar
0.442,0.27505827505827507,pencil
0.374,0.4405594405594406,clock
0.502,0.29603729603729606,car
0.388,0.3752913752913753,fish
0.44,0.3473193473193473,house
0.458,0.4662004662004662,tree
0.33,0.30303030303030304,bicycle
0.524,0.2703962703962704,guitar
0.068,0.3006993006993007,pencil
0.324,0.3822843822843823,clock
0.61,0.2867132867132867,car
0.3,0.1561771561771562,fish
0.352,0.46153846153846156,house
0.51,0.7622377622377622,tree
0.472,0.27972027972027974,bicycle
0.354,0.8228438228438228,guitar
0.524,0.5104895104895105,pencil
0.436,0.6037296037296037,clock
0.548,0.331002331002331,car
0.382,0.16317016317016317,fish
0.438,0.5058275058275058,house
0.538,0.6107226107226107,tree
0.322,0.3076923076923077,bicycle
0.48,0.1888111888111888,guitar
0.09,0.717948717948718,pencil
0.422,0.44755244755244755,clock
0.484,0.20279720279720279,car
0.266,0.11421911421911422,fish
0.364,0.4358974358974359,house
0.416,0.6247086247086248,tree
0.434,0.22843822843822845,bicycle
0.26,0.44755244755244755,guitar
0.018,0.5268065268065268,pencil
0.462,0.4825174825174825,clock
0.67,0.2191142191142191,car
0.414,0.4988344988344988,fish
0.68,0.6363636363636364,house
0.77,0.4149184149184149,tree
0.176,0.4195804195804196,bicycle
0.27,0.8018648018648019,guitar
0.662,0.668997668997669,pencil
0.362,0.2634032634032634,clock
0.46,0.31002331002331,car
0.36,0.2097902097902098,fish
0.414,0.5990675990675991,house
0.334,0.5804195804195804,tree
0.468,0.3776223776223776,bicycle
0.634,0.5058275058275058,guitar
0.326,0.358974358974359,pencil
0.422,0.1655011655011655,clock
0.586,0.23076923076923078,car
0.396,0.17715617715617715,fish
0.516,0.6177156177156177,house
0.41,0.6853146853146853,tree
0.446,0.29836829836829837,bicycle
0.566,0.5617715617715617,guitar
0.064,0.6923076923076923,pencil
0.304,0.4428904428904429,clock
0.36,0.2634032634032634,car
0.378,0.32400932400932403,fish
0.392,0.40093240093240096,house
0.29,0.41025641025641024,tree
0.492,0.4592074592074592,bicycle
0.52,0.3682983682983683,guitar
0.15,0.5151515151515151,pencil
0.33,0.34498834498834496,clock
0.382,0.08857808857808858,car
0.37,0.18414918414918416,fish
0.304,0.26573426573426573,house
0.648,0.7062937062937062,tree
0.332,0.3916083916083916,bicycle
0.234,0.4801864801864802,guitar
0.27,0.4801864801864802,pencil
0.374,0.48951048951048953,clock
0.462,0.3356643356643357,car
0.394,0.23076923076923078,fish
0.39,0.34032634032634035,house
0.426,0.5337995337995338,tree
0.482,0.4405594405594406,bicycle
0.408,0.6899766899766899,guitar
0.434,0.3146853146853147,pencil
0.292,0.7435897435897436,clock
0.64,0.317016317016317,car
0.46,0.2703962703962704,fish
0.482,0.5804195804195804,house
0.566,0.8205128205128205,tree
0.512,0.47785547785547783,bicycle
0.546,0.5104895104895105,guitar
0.118,0.5151515151515151,pencil
0.304,0.4428904428904429,clock
0.45,0.2261072261072261,car
0.356,0.4731934731934732,fish
0.362,0.5571095571095571,house
0.494,0.7785547785547785,tree
0.548,0.49184149184149184,bicycle
0.562,0.5617715617715617,guitar
0.2,0.40792540792540793,pencil
0.514,0.5571095571095571,clock
0.648,0.24242424242424243,car
0.396,0.22377622377622378,fish
0.286,0.5454545454545454,house
0.45,0.5734265734265734,tree
0.536,0.27505827505827507,bicycle
0.23,0.682983682983683,guitar
0.568,0.6013986013986014,pencil
0.366,0.27505827505827507,clock
0.722,0.3333333333333333,car
0.552,0.49184149184149184,fish
0.676,0.5361305361305362,house
0.524,0.7249417249417249,tree
0.56,0.3706293706293706,bicycle
0.618,0.6037296037296037,guitar
0.414,0.6456876456876457,pencil
0.522,0.44988344988344986,clock
0.318,0.09557109557109557,car
0.172,0.3613053613053613,fish
0.234,0.4172494172494173,house
0.444,0.5664335664335665,tree
0.408,0.2634032634032634,bicycle
0.382,0.4149184149184149,guitar
0.168,0.3916083916083916,pencil
0.316,0.3706293706293706,clock
1,0.23076923076923078,car
0.546,0.29836829836829837,fish
0.872,0.48717948717948717,house
0.51,0.6386946386946387,tree
0.414,0.21445221445221446,bicycle
0.454,0.6060606060606061,guitar
0.274,0.5827505827505828,pencil
0.394,0.46386946386946387,clock
0.306,0.19114219114219114,car
0.26,0.06526806526806526,fish
0.288,0.3916083916083916,house
0.272,0.4125874125874126,tree
0.26,0.16083916083916083,bicycle
0.498,0.18181818181818182,guitar
0.3,0.039627039627039624,pencil
0.256,0.2564102564102564,clock
0.656,0.35664335664335667,car
0.634,0.6060606060606061,fish
0.646,0.7062937062937062,house
0.604,0.7505827505827506,tree
0.534,0.41025641025641024,bicycle
0.646,0.7156177156177156,guitar
0.412,0.5547785547785548,pencil
0.766,0.8881118881118881,clock
0.62,0.35664335664335667,car
0.59,0.40792540792540793,fish
0.374,0.5501165501165501,house
0.444,0.696969696969697,tree
0.512,0.3682983682983683,bicycle
0.302,0.6923076923076923,guitar
0.188,0.6083916083916084,pencil
0.432,0.5734265734265734,clock
0.694,0.19347319347319347,car
0.538,0.351981351981352,fish
0.324,0.6013986013986014,house
0.534,0.7785547785547785,tree
0.542,0.2517482517482518,bicycle
0.18,0.682983682983683,guitar
0.492,0.30536130536130535,pencil
0.248,0.46386946386946387,clock
0.586,0.2867132867132867,car
0.44,0.21445221445221446,fish
0.342,0.4522144522144522,house
0.312,0.6433566433566433,tree
0.602,0.46386946386946387,bicycle
0.298,0.62004662004662,guitar
0.304,0.29836829836829837,pencil
0.368,0.3962703962703963,clock
0.488,0.4149184149184149,car
0.436,0.34965034965034963,fish
0.464,0.4382284382284382,house
0.632,0.7715617715617715,tree
0.442,0.44755244755244755,bicycle
0.442,0.6736596736596736,guitar
0.1,0.38694638694638694,pencil
0.082,0.31002331002331,clock
0.622,0.48951048951048953,car
0.384,0.3682983682983683,fish
0.538,0.49184149184149184,house
0.646,0.5734265734265734,tree
0.394,0.40792540792540793,bicycle
0.458,0.4755244755244755,guitar
0.12,0.5524475524475524,pencil
0.34,0.4592074592074592,clock
0.49,0.24708624708624707,car
0.408,0.20512820512820512,fish
0.51,0.32167832167832167,house
0.464,0.5757575757575758,tree
0.234,0.14685314685314685,bicycle
0.442,0.4731934731934732,guitar
0.084,0.627039627039627,pencil
0.264,0.2773892773892774,clock
0.386,0.2097902097902098,car
0.38,0.21678321678321677,fish
0.61,0.62004662004662,house
0.478,0.7552447552447552,tree
0.566,0.5361305361305362,bicycle
0.18,0.43123543123543123,guitar
0.36,0.40792540792540793,pencil
0.338,0.31934731934731936,clock
0.558,0.4988344988344988,car
0.614,0.49417249417249415,fish
0.356,0.5547785547785548,house
0.42,0.62004662004662,tree
0.52,0.45454545454545453,bicycle
0.626,0.2634032634032634,guitar
0.06,0.48484848484848486,pencil
0.252,0.3916083916083916,clock
0.744,0.3822843822843823,car
0.646,0.17715617715617715,fish
0.622,0.5617715617715617,house
0.424,0.7738927738927739,tree
0.576,0.34032634032634035,bicycle
0.548,0.675990675990676,guitar
0.042,0.745920745920746,pencil
0.274,0.3146853146853147,clock
0.57,0.2703962703962704,car
0.376,0.2867132867132867,fish
0.318,0.5407925407925408,house
0.348,0.4522144522144522,tree
0.434,0.3356643356643357,bicycle
0.47,0.30303030303030304,guitar
0.274,0.3473193473193473,pencil
0.408,0.49184149184149184,clock
0.402,0.12354312354312354,car
0.574,0.3916083916083916,fish
0.69,0.6643356643356644,house
0.58,0.8391608391608392,tree
0.604,0.3916083916083916,bicycle
0.304,0.8135198135198135,guitar
0.712,0.12121212121212122,pencil
0.526,0.6293706293706294,clock
0.594,0.2564102564102564,car
0.264,0.21445221445221446,fish
0.416,0.4825174825174825,house
0.362,0.5058275058275058,tree
0.554,0.46853146853146854,bicycle
0.492,0.46853146853146854,guitar
0.166,0.7435897435897436,pencil
0.28,0.44755244755244755,clock
0.4,0.1888111888111888,car
0.292,0.1351981351981352,fish
0.378,0.372960372960373,house
0.356,0.48951048951048953,tree
0.5,0.34498834498834496,bicycle
0.272,0.5198135198135199,guitar
0.088,0.6433566433566433,pencil
0.324,0.4731934731934732,clock
